Date and Time (UTC),Receiver,Transmitter,Transmitter Name,Transmitter Serial,Sensor Value,Sensor Unit,Station Name,Latitude,Longitude
2/11/2018 19:27,VR2W-125449,A69-1303-4075,,,,,Simested,56.571595,9.380188
2/11/2018 19:28,VR2W-125449,A69-1303-4075,,,,,Simested,56.571595,9.380188
2/11/2018 19:29,VR2W-125449,A69-1303-4075,,,,,Simested,56.571595,9.380188
2/20/2018 9:54,VR2W-125449,A69-1303-4075,,,,,Simested,56.571595,9.380188
2/20/2018 9:56,VR2W-125449,A69-1303-4075,,,,,Simested,56.571595,9.380188
3/6/2018 23:41,VR2W-125449,A69-1303-4075,,,,,Simested,56.571595,9.380188
3/6/2018 23:42,VR2W-125449,A69-1303-4075,,,,,Simested,56.571595,9.380188
3/6/2018 23:42,VR2W-125449,A69-1303-4075,,,,,Simested,56.571595,9.380188
3/6/2018 23:43,VR2W-125449,A69-1303-4075,,,,,Simested,56.571595,9.380188
3/7/2018 0:11,VR2W-125449,A69-1303-4075,,,,,Simested,56.571595,9.380188
3/7/2018 0:21,VR2W-125449,A69-1303-4075,,,,,Simested,56.571595,9.380188
3/7/2018 0:22,VR2W-125449,A69-1303-4075,,,,,Simested,56.571595,9.380188
3/7/2018 1:03,VR2W-125449,A69-1303-4075,,,,,Simested,56.571595,9.380188
3/7/2018 1:05,VR2W-125449,A69-1303-4075,,,,,Simested,56.571595,9.380188
3/7/2018 3:09,VR2W-125449,A69-1303-4075,,,,,Simested,56.571595,9.380188
3/7/2018 3:11,VR2W-125449,A69-1303-4075,,,,,Simested,56.571595,9.380188
3/7/2018 3:12,VR2W-125449,A69-1303-4075,,,,,Simested,56.571595,9.380188
3/7/2018 3:13,VR2W-125449,A69-1303-4075,,,,,Simested,56.571595,9.380188
3/7/2018 3:14,VR2W-125449,A69-1303-4075,,,,,Simested,56.571595,9.380188
3/7/2018 3:16,VR2W-125449,A69-1303-4075,,,,,Simested,56.571595,9.380188
3/7/2018 3:17,VR2W-125449,A69-1303-4075,,,,,Simested,56.571595,9.380188
3/7/2018 3:18,VR2W-125449,A69-1303-4075,,,,,Simested,56.571595,9.380188
3/7/2018 3:22,VR2W-125449,A69-1303-4075,,,,,Simested,56.571595,9.380188
3/7/2018 3:27,VR2W-125449,A69-1303-4075,,,,,Simested,56.571595,9.380188
3/7/2018 3:31,VR2W-125449,A69-1303-4075,,,,,Simested,56.571595,9.380188
3/7/2018 3:32,VR2W-125449,A69-1303-4075,,,,,Simested,56.571595,9.380188
3/7/2018 3:40,VR2W-125449,A69-1303-4075,,,,,Simested,56.571595,9.380188
3/7/2018 3:42,VR2W-125449,A69-1303-4075,,,,,Simested,56.571595,9.380188
3/7/2018 3:45,VR2W-125449,A69-1303-4075,,,,,Simested,56.571595,9.380188
3/7/2018 3:46,VR2W-125449,A69-1303-4075,,,,,Simested,56.571595,9.380188
3/7/2018 3:47,VR2W-125449,A69-1303-4075,,,,,Simested,56.571595,9.380188
3/7/2018 3:48,VR2W-125449,A69-1303-4075,,,,,Simested,56.571595,9.380188
3/7/2018 3:49,VR2W-125449,A69-1303-4075,,,,,Simested,56.571595,9.380188
3/7/2018 3:50,VR2W-125449,A69-1303-4075,,,,,Simested,56.571595,9.380188
3/7/2018 3:51,VR2W-125449,A69-1303-4075,,,,,Simested,56.571595,9.380188
3/7/2018 3:52,VR2W-125449,A69-1303-4075,,,,,Simested,56.571595,9.380188
3/7/2018 3:53,VR2W-125449,A69-1303-4075,,,,,Simested,56.571595,9.380188
3/7/2018 3:55,VR2W-125449,A69-1303-4075,,,,,Simested,56.571595,9.380188
3/7/2018 3:56,VR2W-125449,A69-1303-4075,,,,,Simested,56.571595,9.380188
3/7/2018 3:59,VR2W-125449,A69-1303-4075,,,,,Simested,56.571595,9.380188
3/7/2018 3:59,VR2W-125449,A69-1303-4075,,,,,Simested,56.571595,9.380188
3/7/2018 4:00,VR2W-125449,A69-1303-4075,,,,,Simested,56.571595,9.380188
3/7/2018 4:01,VR2W-125449,A69-1303-4075,,,,,Simested,56.571595,9.380188
3/7/2018 4:02,VR2W-125449,A69-1303-4075,,,,,Simested,56.571595,9.380188
3/7/2018 4:03,VR2W-125449,A69-1303-4075,,,,,Simested,56.571595,9.380188
3/7/2018 4:04,VR2W-125449,A69-1303-4075,,,,,Simested,56.571595,9.380188
3/7/2018 4:05,VR2W-125449,A69-1303-4075,,,,,Simested,56.571595,9.380188
3/7/2018 4:06,VR2W-125449,A69-1303-4075,,,,,Simested,56.571595,9.380188
3/7/2018 4:07,VR2W-125449,A69-1303-4075,,,,,Simested,56.571595,9.380188
3/7/2018 4:16,VR2W-125449,A69-1303-4075,,,,,Simested,56.571595,9.380188
3/7/2018 4:20,VR2W-125449,A69-1303-4075,,,,,Simested,56.571595,9.380188
3/7/2018 4:21,VR2W-125449,A69-1303-4075,,,,,Simested,56.571595,9.380188
3/7/2018 4:22,VR2W-125449,A69-1303-4075,,,,,Simested,56.571595,9.380188
3/7/2018 4:24,VR2W-125449,A69-1303-4075,,,,,Simested,56.571595,9.380188
3/7/2018 4:25,VR2W-125449,A69-1303-4075,,,,,Simested,56.571595,9.380188
3/7/2018 4:27,VR2W-125449,A69-1303-4075,,,,,Simested,56.571595,9.380188
3/7/2018 4:34,VR2W-125449,A69-1303-4075,,,,,Simested,56.571595,9.380188
3/7/2018 4:39,VR2W-125449,A69-1303-4075,,,,,Simested,56.571595,9.380188
3/7/2018 4:41,VR2W-125449,A69-1303-4075,,,,,Simested,56.571595,9.380188
3/7/2018 4:42,VR2W-125449,A69-1303-4075,,,,,Simested,56.571595,9.380188
3/7/2018 4:44,VR2W-125449,A69-1303-4075,,,,,Simested,56.571595,9.380188
3/7/2018 4:47,VR2W-125449,A69-1303-4075,,,,,Simested,56.571595,9.380188
3/7/2018 4:48,VR2W-125449,A69-1303-4075,,,,,Simested,56.571595,9.380188
3/7/2018 4:50,VR2W-125449,A69-1303-4075,,,,,Simested,56.571595,9.380188
3/7/2018 4:55,VR2W-125449,A69-1303-4075,,,,,Simested,56.571595,9.380188
3/7/2018 5:00,VR2W-125449,A69-1303-4075,,,,,Simested,56.571595,9.380188
3/7/2018 5:00,VR2W-125449,A69-1303-4075,,,,,Simested,56.571595,9.380188
3/7/2018 5:02,VR2W-125449,A69-1303-4075,,,,,Simested,56.571595,9.380188
3/7/2018 5:06,VR2W-125449,A69-1303-4075,,,,,Simested,56.571595,9.380188
3/7/2018 5:11,VR2W-125449,A69-1303-4075,,,,,Simested,56.571595,9.380188
3/7/2018 5:15,VR2W-125449,A69-1303-4075,,,,,Simested,56.571595,9.380188
3/7/2018 5:16,VR2W-125449,A69-1303-4075,,,,,Simested,56.571595,9.380188
3/7/2018 5:17,VR2W-125449,A69-1303-4075,,,,,Simested,56.571595,9.380188
3/7/2018 5:20,VR2W-125449,A69-1303-4075,,,,,Simested,56.571595,9.380188
3/7/2018 5:23,VR2W-125449,A69-1303-4075,,,,,Simested,56.571595,9.380188
3/7/2018 5:24,VR2W-125449,A69-1303-4075,,,,,Simested,56.571595,9.380188
3/7/2018 5:27,VR2W-125449,A69-1303-4075,,,,,Simested,56.571595,9.380188
3/7/2018 5:29,VR2W-125449,A69-1303-4075,,,,,Simested,56.571595,9.380188
3/7/2018 5:37,VR2W-125449,A69-1303-4075,,,,,Simested,56.571595,9.380188
3/7/2018 5:39,VR2W-125449,A69-1303-4075,,,,,Simested,56.571595,9.380188
3/7/2018 5:40,VR2W-125449,A69-1303-4075,,,,,Simested,56.571595,9.380188
3/7/2018 5:41,VR2W-125449,A69-1303-4075,,,,,Simested,56.571595,9.380188
3/7/2018 5:43,VR2W-125449,A69-1303-4075,,,,,Simested,56.571595,9.380188
3/7/2018 5:57,VR2W-125449,A69-1303-4075,,,,,Simested,56.571595,9.380188
3/7/2018 5:59,VR2W-125449,A69-1303-4075,,,,,Simested,56.571595,9.380188
3/7/2018 6:07,VR2W-125449,A69-1303-4075,,,,,Simested,56.571595,9.380188
3/7/2018 6:09,VR2W-125449,A69-1303-4075,,,,,Simested,56.571595,9.380188
3/7/2018 6:11,VR2W-125449,A69-1303-4075,,,,,Simested,56.571595,9.380188
3/7/2018 6:14,VR2W-125449,A69-1303-4075,,,,,Simested,56.571595,9.380188
3/7/2018 6:16,VR2W-125449,A69-1303-4075,,,,,Simested,56.571595,9.380188
3/7/2018 6:19,VR2W-125449,A69-1303-4075,,,,,Simested,56.571595,9.380188
3/7/2018 6:34,VR2W-125449,A69-1303-4075,,,,,Simested,56.571595,9.380188
3/7/2018 6:36,VR2W-125449,A69-1303-4075,,,,,Simested,56.571595,9.380188
3/7/2018 6:37,VR2W-125449,A69-1303-4075,,,,,Simested,56.571595,9.380188
3/7/2018 6:38,VR2W-125449,A69-1303-4075,,,,,Simested,56.571595,9.380188
3/7/2018 6:39,VR2W-125449,A69-1303-4075,,,,,Simested,56.571595,9.380188
3/7/2018 6:40,VR2W-125449,A69-1303-4075,,,,,Simested,56.571595,9.380188
3/7/2018 6:41,VR2W-125449,A69-1303-4075,,,,,Simested,56.571595,9.380188
3/7/2018 6:42,VR2W-125449,A69-1303-4075,,,,,Simested,56.571595,9.380188
3/7/2018 7:12,VR2W-125449,A69-1303-4075,,,,,Simested,56.571595,9.380188
3/7/2018 7:14,VR2W-125449,A69-1303-4075,,,,,Simested,56.571595,9.380188
3/7/2018 7:15,VR2W-125449,A69-1303-4075,,,,,Simested,56.571595,9.380188
3/7/2018 7:15,VR2W-125449,A69-1303-4075,,,,,Simested,56.571595,9.380188
3/7/2018 7:16,VR2W-125449,A69-1303-4075,,,,,Simested,56.571595,9.380188
3/7/2018 7:17,VR2W-125449,A69-1303-4075,,,,,Simested,56.571595,9.380188
3/7/2018 7:18,VR2W-125449,A69-1303-4075,,,,,Simested,56.571595,9.380188
3/7/2018 7:19,VR2W-125449,A69-1303-4075,,,,,Simested,56.571595,9.380188
3/7/2018 7:20,VR2W-125449,A69-1303-4075,,,,,Simested,56.571595,9.380188
3/17/2018 12:07,VR2W-125449,A69-1303-4075,,,,,Simested,56.571595,9.380188
3/17/2018 12:08,VR2W-125449,A69-1303-4075,,,,,Simested,56.571595,9.380188
3/17/2018 12:10,VR2W-125449,A69-1303-4075,,,,,Simested,56.571595,9.380188
3/17/2018 12:10,VR2W-125449,A69-1303-4075,,,,,Simested,56.571595,9.380188
3/17/2018 12:11,VR2W-125449,A69-1303-4075,,,,,Simested,56.571595,9.380188
3/17/2018 12:12,VR2W-125449,A69-1303-4075,,,,,Simested,56.571595,9.380188
3/17/2018 12:13,VR2W-125449,A69-1303-4075,,,,,Simested,56.571595,9.380188
3/17/2018 12:15,VR2W-125449,A69-1303-4075,,,,,Simested,56.571595,9.380188
3/17/2018 12:15,VR2W-125449,A69-1303-4075,,,,,Simested,56.571595,9.380188
3/17/2018 12:17,VR2W-125449,A69-1303-4075,,,,,Simested,56.571595,9.380188
3/17/2018 12:18,VR2W-125449,A69-1303-4075,,,,,Simested,56.571595,9.380188
3/17/2018 12:18,VR2W-125449,A69-1303-4075,,,,,Simested,56.571595,9.380188
3/17/2018 12:19,VR2W-125449,A69-1303-4075,,,,,Simested,56.571595,9.380188
3/17/2018 12:20,VR2W-125449,A69-1303-4075,,,,,Simested,56.571595,9.380188
3/17/2018 12:23,VR2W-125449,A69-1303-4075,,,,,Simested,56.571595,9.380188
3/17/2018 12:24,VR2W-125449,A69-1303-4075,,,,,Simested,56.571595,9.380188
3/17/2018 12:25,VR2W-125449,A69-1303-4075,,,,,Simested,56.571595,9.380188
3/17/2018 12:26,VR2W-125449,A69-1303-4075,,,,,Simested,56.571595,9.380188
3/17/2018 12:32,VR2W-125449,A69-1303-4075,,,,,Simested,56.571595,9.380188
3/17/2018 12:34,VR2W-125449,A69-1303-4075,,,,,Simested,56.571595,9.380188
3/17/2018 12:35,VR2W-125449,A69-1303-4075,,,,,Simested,56.571595,9.380188
3/17/2018 12:36,VR2W-125449,A69-1303-4075,,,,,Simested,56.571595,9.380188
4/4/2018 10:47,VR2W-125449,A69-1303-4075,,,,,Simested,56.571595,9.380188
4/18/2018 6:41,VR2W-131092,A69-1303-4075,,,,,Sundstrup2,56.608186,9.291788
4/18/2018 6:48,VR2W-131092,A69-1303-4075,,,,,Sundstrup2,56.608186,9.291788
4/20/2018 7:30,VR2W-131092,A69-1303-4075,,,,,Sundstrup2,56.608186,9.291788
4/20/2018 7:31,VR2W-131092,A69-1303-4075,,,,,Sundstrup2,56.608186,9.291788
4/20/2018 7:33,VR2W-131092,A69-1303-4075,,,,,Sundstrup2,56.608186,9.291788
4/24/2018 9:40,VR2W-125886,A69-1303-4075,,,,,Aggersund,57.000027,9.292732
4/24/2018 9:43,VR2W-125886,A69-1303-4075,,,,,Aggersund,57.000027,9.292732
4/24/2018 9:46,VR2W-125886,A69-1303-4075,,,,,Aggersund,57.000027,9.292732
4/25/2018 9:28,VR2W-125447,A69-1303-4075,,,,,15 Aalborg,57.054076,9.91539
4/25/2018 9:29,VR2W-125447,A69-1303-4075,,,,,15 Aalborg,57.054076,9.91539
4/25/2018 9:30,VR2W-108766,A69-1303-4075,,,,,16 Aalborg,57.055955,9.921725
4/25/2018 9:33,VR2W-108766,A69-1303-4075,,,,,16 Aalborg,57.055955,9.921725
4/25/2018 22:34,VR2W-108768,A69-1303-4075,,,,,Hals2,56.985826,10.31077
4/25/2018 22:37,VR2W-108768,A69-1303-4075,,,,,Hals2,56.985826,10.31077
4/25/2018 22:39,VR2W-108768,A69-1303-4075,,,,,Hals2,56.985826,10.31077
4/25/2018 22:39,VR2W-108768,A69-1303-4075,,,,,Hals2,56.985826,10.31077
4/25/2018 22:40,VR2W-108768,A69-1303-4075,,,,,Hals2,56.985826,10.31077
4/25/2018 22:42,VR2W-108768,A69-1303-4075,,,,,Hals2,56.985826,10.31077
4/25/2018 22:42,VR2W-125452,A69-1303-4075,,,,,Hals1,56.989474,10.310159
4/25/2018 22:43,VR2W-108768,A69-1303-4075,,,,,Hals2,56.985826,10.31077
4/25/2018 22:44,VR2W-125452,A69-1303-4075,,,,,Hals1,56.989474,10.310159
4/25/2018 22:44,VR2W-108768,A69-1303-4075,,,,,Hals2,56.985826,10.31077
4/25/2018 22:44,VR2W-125452,A69-1303-4075,,,,,Hals1,56.989474,10.310159
4/25/2018 22:45,VR2W-108768,A69-1303-4075,,,,,Hals2,56.985826,10.31077
4/25/2018 22:45,VR2W-125452,A69-1303-4075,,,,,Hals1,56.989474,10.310159
4/25/2018 22:47,VR2W-125452,A69-1303-4075,,,,,Hals1,56.989474,10.310159
4/25/2018 23:00,VR2W-108768,A69-1303-4075,,,,,Hals2,56.985826,10.31077
8/20/2018 9:56,VR2W-125452,A69-1303-4075,,,,,Hals1,56.989474,10.310159
8/20/2018 10:02,VR2W-125452,A69-1303-4075,,,,,Hals1,56.989474,10.310159
8/20/2018 10:04,VR2W-125452,A69-1303-4075,,,,,Hals1,56.989474,10.310159
8/20/2018 10:05,VR2W-125452,A69-1303-4075,,,,,Hals1,56.989474,10.310159
8/20/2018 10:06,VR2W-125452,A69-1303-4075,,,,,Hals1,56.989474,10.310159
8/21/2018 12:33,VR2W-108766,A69-1303-4075,,,,,16 Aalborg,57.055955,9.921725
8/21/2018 12:42,VR2W-108766,A69-1303-4075,,,,,16 Aalborg,57.055955,9.921725
8/22/2018 14:04,VR2W-125886,A69-1303-4075,,,,,Aggersund,57.000027,9.292732
8/22/2018 14:05,VR2W-125886,A69-1303-4075,,,,,Aggersund,57.000027,9.292732
8/23/2018 17:21,VR2W-131090,A69-1303-4075,,,,,Sundstrup1,56.605311,9.292661
3/6/2018 21:44,VR2W-125449,A69-1303-4080,,,,,Simested,56.571595,9.380188
3/8/2018 7:05,VR2W-125449,A69-1303-4080,,,,,Simested,56.571595,9.380188
3/8/2018 7:06,VR2W-125449,A69-1303-4080,,,,,Simested,56.571595,9.380188
3/8/2018 7:07,VR2W-125449,A69-1303-4080,,,,,Simested,56.571595,9.380188
3/12/2018 19:51,VR2W-125449,A69-1303-4080,,,,,Simested,56.571595,9.380188
3/12/2018 19:51,VR2W-125449,A69-1303-4080,,,,,Simested,56.571595,9.380188
4/29/2018 14:58,VR2W-131092,A69-1303-4080,,,,,Sundstrup2,56.608186,9.291788
4/29/2018 14:59,VR2W-131092,A69-1303-4080,,,,,Sundstrup2,56.608186,9.291788
4/29/2018 15:00,VR2W-131092,A69-1303-4080,,,,,Sundstrup2,56.608186,9.291788
4/29/2018 15:03,VR2W-131092,A69-1303-4080,,,,,Sundstrup2,56.608186,9.291788
4/29/2018 15:03,VR2W-131090,A69-1303-4080,,,,,Sundstrup1,56.605311,9.292661
4/29/2018 15:04,VR2W-131092,A69-1303-4080,,,,,Sundstrup2,56.608186,9.291788
4/29/2018 15:06,VR2W-131092,A69-1303-4080,,,,,Sundstrup2,56.608186,9.291788
4/29/2018 15:07,VR2W-131090,A69-1303-4080,,,,,Sundstrup1,56.605311,9.292661
5/5/2018 14:08,VR2W-125886,A69-1303-4080,,,,,Aggersund,57.000027,9.292732
5/5/2018 14:09,VR2W-125886,A69-1303-4080,,,,,Aggersund,57.000027,9.292732
5/5/2018 14:10,VR2W-125886,A69-1303-4080,,,,,Aggersund,57.000027,9.292732
5/5/2018 14:11,VR2W-125886,A69-1303-4080,,,,,Aggersund,57.000027,9.292732
5/5/2018 14:12,VR2W-125886,A69-1303-4080,,,,,Aggersund,57.000027,9.292732
5/5/2018 14:13,VR2W-125886,A69-1303-4080,,,,,Aggersund,57.000027,9.292732
5/6/2018 17:32,VR2W-125447,A69-1303-4080,,,,,15 Aalborg,57.054076,9.91539
5/6/2018 17:35,VR2W-108766,A69-1303-4080,,,,,16 Aalborg,57.055955,9.921725
5/6/2018 17:36,VR2W-108766,A69-1303-4080,,,,,16 Aalborg,57.055955,9.921725
5/7/2018 12:21,VR2W-125452,A69-1303-4080,,,,,Hals1,56.989474,10.310159
5/7/2018 12:24,VR2W-125452,A69-1303-4080,,,,,Hals1,56.989474,10.310159
5/7/2018 12:37,VR2W-108768,A69-1303-4080,,,,,Hals2,56.985826,10.31077
5/7/2018 12:37,VR2W-108768,A69-1303-4080,,,,,Hals2,56.985826,10.31077
5/7/2018 12:38,VR2W-125452,A69-1303-4080,,,,,Hals1,56.989474,10.310159
5/7/2018 12:39,VR2W-108768,A69-1303-4080,,,,,Hals2,56.985826,10.31077
5/7/2018 12:40,VR2W-108768,A69-1303-4080,,,,,Hals2,56.985826,10.31077
5/7/2018 12:41,VR2W-125452,A69-1303-4080,,,,,Hals1,56.989474,10.310159
5/7/2018 12:41,VR2W-108768,A69-1303-4080,,,,,Hals2,56.985826,10.31077
5/7/2018 12:42,VR2W-108768,A69-1303-4080,,,,,Hals2,56.985826,10.31077
5/7/2018 12:42,VR2W-125452,A69-1303-4080,,,,,Hals1,56.989474,10.310159
5/7/2018 12:43,VR2W-108768,A69-1303-4080,,,,,Hals2,56.985826,10.31077
5/7/2018 12:43,VR2W-108768,A69-1303-4080,,,,,Hals2,56.985826,10.31077
5/7/2018 12:44,VR2W-125452,A69-1303-4080,,,,,Hals1,56.989474,10.310159
5/7/2018 12:45,VR2W-108768,A69-1303-4080,,,,,Hals2,56.985826,10.31077
5/7/2018 12:46,VR2W-108768,A69-1303-4080,,,,,Hals2,56.985826,10.31077
5/7/2018 12:47,VR2W-108768,A69-1303-4080,,,,,Hals2,56.985826,10.31077
5/7/2018 12:50,VR2W-108768,A69-1303-4080,,,,,Hals2,56.985826,10.31077
5/7/2018 12:51,VR2W-108768,A69-1303-4080,,,,,Hals2,56.985826,10.31077
8/3/2018 7:12,VR2W-125452,A69-1303-4080,,,,,Hals1,56.989474,10.310159
8/3/2018 7:13,VR2W-125452,A69-1303-4080,,,,,Hals1,56.989474,10.310159
8/6/2018 17:36,VR2W-108766,A69-1303-4080,,,,,16 Aalborg,57.055955,9.921725
8/6/2018 17:38,VR2W-108766,A69-1303-4080,,,,,16 Aalborg,57.055955,9.921725
8/6/2018 17:42,VR2W-108766,A69-1303-4080,,,,,16 Aalborg,57.055955,9.921725
8/6/2018 17:43,VR2W-108766,A69-1303-4080,,,,,16 Aalborg,57.055955,9.921725
8/6/2018 19:40,VR2W-108766,A69-1303-4080,,,,,16 Aalborg,57.055955,9.921725
8/6/2018 20:59,VR2W-108766,A69-1303-4080,,,,,16 Aalborg,57.055955,9.921725
8/7/2018 4:06,VR2W-125447,A69-1303-4080,,,,,15 Aalborg,57.054076,9.91539
8/7/2018 4:08,VR2W-125447,A69-1303-4080,,,,,15 Aalborg,57.054076,9.91539
8/7/2018 4:09,VR2W-125447,A69-1303-4080,,,,,15 Aalborg,57.054076,9.91539
8/8/2018 7:15,VR2W-125886,A69-1303-4080,,,,,Aggersund,57.000027,9.292732
8/8/2018 7:17,VR2W-125886,A69-1303-4080,,,,,Aggersund,57.000027,9.292732
8/8/2018 7:18,VR2W-125886,A69-1303-4080,,,,,Aggersund,57.000027,9.292732
8/8/2018 7:19,VR2W-125886,A69-1303-4080,,,,,Aggersund,57.000027,9.292732
8/8/2018 7:20,VR2W-125886,A69-1303-4080,,,,,Aggersund,57.000027,9.292732
8/8/2018 7:21,VR2W-125886,A69-1303-4080,,,,,Aggersund,57.000027,9.292732
8/8/2018 7:22,VR2W-125886,A69-1303-4080,,,,,Aggersund,57.000027,9.292732
8/8/2018 7:24,VR2W-125886,A69-1303-4080,,,,,Aggersund,57.000027,9.292732
8/8/2018 7:25,VR2W-125886,A69-1303-4080,,,,,Aggersund,57.000027,9.292732
8/8/2018 7:33,VR2W-125886,A69-1303-4080,,,,,Aggersund,57.000027,9.292732
8/8/2018 7:33,VR2W-125886,A69-1303-4080,,,,,Aggersund,57.000027,9.292732
8/8/2018 7:35,VR2W-125886,A69-1303-4080,,,,,Aggersund,57.000027,9.292732
8/8/2018 7:38,VR2W-125886,A69-1303-4080,,,,,Aggersund,57.000027,9.292732
8/8/2018 7:39,VR2W-125886,A69-1303-4080,,,,,Aggersund,57.000027,9.292732
8/16/2018 13:45,VR2W-131092,A69-1303-4080,,,,,Sundstrup2,56.608186,9.291788
8/16/2018 13:46,VR2W-131092,A69-1303-4080,,,,,Sundstrup2,56.608186,9.291788
8/17/2018 4:40,VR2W-131092,A69-1303-4080,,,,,Sundstrup2,56.608186,9.291788
8/17/2018 4:41,VR2W-131092,A69-1303-4080,,,,,Sundstrup2,56.608186,9.291788
8/17/2018 4:43,VR2W-131092,A69-1303-4080,,,,,Sundstrup2,56.608186,9.291788
8/17/2018 4:44,VR2W-131092,A69-1303-4080,,,,,Sundstrup2,56.608186,9.291788
8/17/2018 4:54,VR2W-131090,A69-1303-4080,,,,,Sundstrup1,56.605311,9.292661
8/17/2018 5:00,VR2W-131092,A69-1303-4080,,,,,Sundstrup2,56.608186,9.291788
8/17/2018 5:05,VR2W-131092,A69-1303-4080,,,,,Sundstrup2,56.608186,9.291788
8/17/2018 5:05,VR2W-131090,A69-1303-4080,,,,,Sundstrup1,56.605311,9.292661
8/17/2018 5:09,VR2W-131092,A69-1303-4080,,,,,Sundstrup2,56.608186,9.291788
8/17/2018 5:10,VR2W-131092,A69-1303-4080,,,,,Sundstrup2,56.608186,9.291788
8/17/2018 5:15,VR2W-131092,A69-1303-4080,,,,,Sundstrup2,56.608186,9.291788
8/17/2018 5:16,VR2W-131092,A69-1303-4080,,,,,Sundstrup2,56.608186,9.291788
8/17/2018 5:17,VR2W-131092,A69-1303-4080,,,,,Sundstrup2,56.608186,9.291788
8/17/2018 5:18,VR2W-131092,A69-1303-4080,,,,,Sundstrup2,56.608186,9.291788
8/17/2018 5:19,VR2W-131092,A69-1303-4080,,,,,Sundstrup2,56.608186,9.291788
8/17/2018 5:20,VR2W-131092,A69-1303-4080,,,,,Sundstrup2,56.608186,9.291788
8/17/2018 5:21,VR2W-131092,A69-1303-4080,,,,,Sundstrup2,56.608186,9.291788
8/17/2018 5:28,VR2W-131092,A69-1303-4080,,,,,Sundstrup2,56.608186,9.291788
8/17/2018 5:28,VR2W-131090,A69-1303-4080,,,,,Sundstrup1,56.605311,9.292661
8/17/2018 5:32,VR2W-131092,A69-1303-4080,,,,,Sundstrup2,56.608186,9.291788
8/17/2018 5:33,VR2W-131092,A69-1303-4080,,,,,Sundstrup2,56.608186,9.291788
8/17/2018 5:33,VR2W-131092,A69-1303-4080,,,,,Sundstrup2,56.608186,9.291788
8/17/2018 5:36,VR2W-131092,A69-1303-4080,,,,,Sundstrup2,56.608186,9.291788
8/17/2018 5:37,VR2W-131092,A69-1303-4080,,,,,Sundstrup2,56.608186,9.291788
8/17/2018 5:38,VR2W-131092,A69-1303-4080,,,,,Sundstrup2,56.608186,9.291788
8/17/2018 5:42,VR2W-131090,A69-1303-4080,,,,,Sundstrup1,56.605311,9.292661
8/17/2018 5:44,VR2W-131090,A69-1303-4080,,,,,Sundstrup1,56.605311,9.292661
8/17/2018 5:50,VR2W-131092,A69-1303-4080,,,,,Sundstrup2,56.608186,9.291788
8/17/2018 5:53,VR2W-131092,A69-1303-4080,,,,,Sundstrup2,56.608186,9.291788
8/17/2018 6:04,VR2W-131092,A69-1303-4080,,,,,Sundstrup2,56.608186,9.291788
8/17/2018 6:04,VR2W-131092,A69-1303-4080,,,,,Sundstrup2,56.608186,9.291788
8/17/2018 6:05,VR2W-131092,A69-1303-4080,,,,,Sundstrup2,56.608186,9.291788
8/17/2018 6:08,VR2W-131090,A69-1303-4080,,,,,Sundstrup1,56.605311,9.292661
8/17/2018 6:09,VR2W-131090,A69-1303-4080,,,,,Sundstrup1,56.605311,9.292661
8/17/2018 6:09,VR2W-131092,A69-1303-4080,,,,,Sundstrup2,56.608186,9.291788
8/17/2018 6:10,VR2W-131090,A69-1303-4080,,,,,Sundstrup1,56.605311,9.292661
8/17/2018 6:10,VR2W-131092,A69-1303-4080,,,,,Sundstrup2,56.608186,9.291788
8/17/2018 6:11,VR2W-131092,A69-1303-4080,,,,,Sundstrup2,56.608186,9.291788
8/17/2018 6:14,VR2W-131090,A69-1303-4080,,,,,Sundstrup1,56.605311,9.292661
8/17/2018 6:16,VR2W-131090,A69-1303-4080,,,,,Sundstrup1,56.605311,9.292661
8/17/2018 6:17,VR2W-131090,A69-1303-4080,,,,,Sundstrup1,56.605311,9.292661
8/17/2018 7:17,VR2W-131092,A69-1303-4080,,,,,Sundstrup2,56.608186,9.291788
8/17/2018 7:18,VR2W-131092,A69-1303-4080,,,,,Sundstrup2,56.608186,9.291788
8/17/2018 7:20,VR2W-131092,A69-1303-4080,,,,,Sundstrup2,56.608186,9.291788
8/17/2018 8:02,VR2W-131092,A69-1303-4080,,,,,Sundstrup2,56.608186,9.291788
8/17/2018 8:18,VR2W-131092,A69-1303-4080,,,,,Sundstrup2,56.608186,9.291788
8/17/2018 8:19,VR2W-131090,A69-1303-4080,,,,,Sundstrup1,56.605311,9.292661
8/17/2018 8:29,VR2W-131090,A69-1303-4080,,,,,Sundstrup1,56.605311,9.292661
8/17/2018 9:26,VR2W-131092,A69-1303-4080,,,,,Sundstrup2,56.608186,9.291788
8/17/2018 9:27,VR2W-131092,A69-1303-4080,,,,,Sundstrup2,56.608186,9.291788
8/17/2018 9:29,VR2W-131092,A69-1303-4080,,,,,Sundstrup2,56.608186,9.291788
8/17/2018 9:31,VR2W-131092,A69-1303-4080,,,,,Sundstrup2,56.608186,9.291788
8/17/2018 9:32,VR2W-131092,A69-1303-4080,,,,,Sundstrup2,56.608186,9.291788
8/17/2018 9:33,VR2W-131092,A69-1303-4080,,,,,Sundstrup2,56.608186,9.291788
8/17/2018 9:35,VR2W-131092,A69-1303-4080,,,,,Sundstrup2,56.608186,9.291788
8/17/2018 9:45,VR2W-131090,A69-1303-4080,,,,,Sundstrup1,56.605311,9.292661
8/17/2018 9:47,VR2W-131090,A69-1303-4080,,,,,Sundstrup1,56.605311,9.292661
8/17/2018 9:50,VR2W-131090,A69-1303-4080,,,,,Sundstrup1,56.605311,9.292661
8/17/2018 10:26,VR2W-131090,A69-1303-4080,,,,,Sundstrup1,56.605311,9.292661
8/17/2018 10:40,VR2W-131092,A69-1303-4080,,,,,Sundstrup2,56.608186,9.291788
8/17/2018 10:47,VR2W-131090,A69-1303-4080,,,,,Sundstrup1,56.605311,9.292661
8/17/2018 10:56,VR2W-131090,A69-1303-4080,,,,,Sundstrup1,56.605311,9.292661
8/17/2018 10:59,VR2W-131090,A69-1303-4080,,,,,Sundstrup1,56.605311,9.292661
8/17/2018 11:01,VR2W-131090,A69-1303-4080,,,,,Sundstrup1,56.605311,9.292661
8/17/2018 11:03,VR2W-131090,A69-1303-4080,,,,,Sundstrup1,56.605311,9.292661
8/17/2018 11:05,VR2W-131092,A69-1303-4080,,,,,Sundstrup2,56.608186,9.291788
8/17/2018 11:05,VR2W-131090,A69-1303-4080,,,,,Sundstrup1,56.605311,9.292661
8/17/2018 11:06,VR2W-131090,A69-1303-4080,,,,,Sundstrup1,56.605311,9.292661
8/17/2018 11:06,VR2W-131090,A69-1303-4080,,,,,Sundstrup1,56.605311,9.292661
8/17/2018 11:08,VR2W-131090,A69-1303-4080,,,,,Sundstrup1,56.605311,9.292661
8/17/2018 11:09,VR2W-131090,A69-1303-4080,,,,,Sundstrup1,56.605311,9.292661
8/17/2018 11:14,VR2W-131092,A69-1303-4080,,,,,Sundstrup2,56.608186,9.291788
8/17/2018 11:19,VR2W-131090,A69-1303-4080,,,,,Sundstrup1,56.605311,9.292661
8/17/2018 11:19,VR2W-131090,A69-1303-4080,,,,,Sundstrup1,56.605311,9.292661
8/17/2018 11:20,VR2W-131090,A69-1303-4080,,,,,Sundstrup1,56.605311,9.292661
8/17/2018 11:25,VR2W-131090,A69-1303-4080,,,,,Sundstrup1,56.605311,9.292661
8/17/2018 11:27,VR2W-131090,A69-1303-4080,,,,,Sundstrup1,56.605311,9.292661
8/17/2018 11:39,VR2W-131092,A69-1303-4080,,,,,Sundstrup2,56.608186,9.291788
8/17/2018 11:42,VR2W-131092,A69-1303-4080,,,,,Sundstrup2,56.608186,9.291788
8/17/2018 11:45,VR2W-131092,A69-1303-4080,,,,,Sundstrup2,56.608186,9.291788
8/17/2018 11:48,VR2W-131090,A69-1303-4080,,,,,Sundstrup1,56.605311,9.292661
8/17/2018 11:51,VR2W-131092,A69-1303-4080,,,,,Sundstrup2,56.608186,9.291788
8/17/2018 11:54,VR2W-131090,A69-1303-4080,,,,,Sundstrup1,56.605311,9.292661
8/17/2018 11:55,VR2W-131090,A69-1303-4080,,,,,Sundstrup1,56.605311,9.292661
8/17/2018 11:55,VR2W-131090,A69-1303-4080,,,,,Sundstrup1,56.605311,9.292661
8/17/2018 11:56,VR2W-131092,A69-1303-4080,,,,,Sundstrup2,56.608186,9.291788
8/17/2018 11:58,VR2W-131092,A69-1303-4080,,,,,Sundstrup2,56.608186,9.291788
8/17/2018 12:00,VR2W-131092,A69-1303-4080,,,,,Sundstrup2,56.608186,9.291788
8/17/2018 12:01,VR2W-131092,A69-1303-4080,,,,,Sundstrup2,56.608186,9.291788
8/17/2018 12:04,VR2W-131092,A69-1303-4080,,,,,Sundstrup2,56.608186,9.291788
8/17/2018 12:08,VR2W-131090,A69-1303-4080,,,,,Sundstrup1,56.605311,9.292661
8/17/2018 12:09,VR2W-131090,A69-1303-4080,,,,,Sundstrup1,56.605311,9.292661
8/17/2018 12:13,VR2W-131090,A69-1303-4080,,,,,Sundstrup1,56.605311,9.292661
8/17/2018 12:30,VR2W-131090,A69-1303-4080,,,,,Sundstrup1,56.605311,9.292661
8/17/2018 12:31,VR2W-131090,A69-1303-4080,,,,,Sundstrup1,56.605311,9.292661
8/17/2018 12:34,VR2W-131090,A69-1303-4080,,,,,Sundstrup1,56.605311,9.292661
8/17/2018 12:40,VR2W-131090,A69-1303-4080,,,,,Sundstrup1,56.605311,9.292661
8/17/2018 12:42,VR2W-131090,A69-1303-4080,,,,,Sundstrup1,56.605311,9.292661
8/17/2018 12:58,VR2W-131090,A69-1303-4080,,,,,Sundstrup1,56.605311,9.292661
8/17/2018 13:07,VR2W-131090,A69-1303-4080,,,,,Sundstrup1,56.605311,9.292661
8/17/2018 13:08,VR2W-131090,A69-1303-4080,,,,,Sundstrup1,56.605311,9.292661
8/17/2018 13:10,VR2W-131090,A69-1303-4080,,,,,Sundstrup1,56.605311,9.292661
8/17/2018 13:12,VR2W-131090,A69-1303-4080,,,,,Sundstrup1,56.605311,9.292661
8/17/2018 13:24,VR2W-131090,A69-1303-4080,,,,,Sundstrup1,56.605311,9.292661
8/17/2018 13:27,VR2W-131090,A69-1303-4080,,,,,Sundstrup1,56.605311,9.292661
8/17/2018 13:33,VR2W-131090,A69-1303-4080,,,,,Sundstrup1,56.605311,9.292661
8/17/2018 13:40,VR2W-131090,A69-1303-4080,,,,,Sundstrup1,56.605311,9.292661
8/17/2018 13:47,VR2W-131090,A69-1303-4080,,,,,Sundstrup1,56.605311,9.292661
8/17/2018 13:50,VR2W-131090,A69-1303-4080,,,,,Sundstrup1,56.605311,9.292661
8/17/2018 13:53,VR2W-131090,A69-1303-4080,,,,,Sundstrup1,56.605311,9.292661
8/17/2018 13:54,VR2W-131090,A69-1303-4080,,,,,Sundstrup1,56.605311,9.292661
8/17/2018 13:55,VR2W-131090,A69-1303-4080,,,,,Sundstrup1,56.605311,9.292661
8/17/2018 14:12,VR2W-131090,A69-1303-4080,,,,,Sundstrup1,56.605311,9.292661
8/17/2018 14:15,VR2W-131090,A69-1303-4080,,,,,Sundstrup1,56.605311,9.292661
8/17/2018 14:29,VR2W-131090,A69-1303-4080,,,,,Sundstrup1,56.605311,9.292661
8/18/2018 5:40,VR2W-125449,A69-1303-4080,,,,,Simested,56.571595,9.380188
4/5/2018 10:45,VR2W-125449,A69-1303-4125,,,,,Simested,56.571595,9.380188
4/5/2018 10:47,VR2W-125449,A69-1303-4125,,,,,Simested,56.571595,9.380188
4/5/2018 10:48,VR2W-125449,A69-1303-4125,,,,,Simested,56.571595,9.380188
4/5/2018 10:49,VR2W-125449,A69-1303-4125,,,,,Simested,56.571595,9.380188
4/5/2018 10:50,VR2W-125449,A69-1303-4125,,,,,Simested,56.571595,9.380188
4/5/2018 10:50,VR2W-125449,A69-1303-4125,,,,,Simested,56.571595,9.380188
4/5/2018 10:52,VR2W-125449,A69-1303-4125,,,,,Simested,56.571595,9.380188
4/5/2018 10:52,VR2W-125449,A69-1303-4125,,,,,Simested,56.571595,9.380188
4/21/2018 11:13,VR2W-131092,A69-1303-4125,,,,,Sundstrup2,56.608186,9.291788
4/21/2018 11:29,VR2W-131092,A69-1303-4125,,,,,Sundstrup2,56.608186,9.291788
4/21/2018 18:18,VR2W-131092,A69-1303-4125,,,,,Sundstrup2,56.608186,9.291788
4/22/2018 6:25,VR2W-131092,A69-1303-4125,,,,,Sundstrup2,56.608186,9.291788
4/22/2018 6:26,VR2W-131092,A69-1303-4125,,,,,Sundstrup2,56.608186,9.291788
4/22/2018 6:27,VR2W-131092,A69-1303-4125,,,,,Sundstrup2,56.608186,9.291788
4/22/2018 6:28,VR2W-131092,A69-1303-4125,,,,,Sundstrup2,56.608186,9.291788
4/22/2018 6:30,VR2W-131092,A69-1303-4125,,,,,Sundstrup2,56.608186,9.291788
4/22/2018 6:33,VR2W-131092,A69-1303-4125,,,,,Sundstrup2,56.608186,9.291788
4/22/2018 6:34,VR2W-131090,A69-1303-4125,,,,,Sundstrup1,56.605311,9.292661
4/22/2018 6:35,VR2W-131090,A69-1303-4125,,,,,Sundstrup1,56.605311,9.292661
4/22/2018 6:35,VR2W-131090,A69-1303-4125,,,,,Sundstrup1,56.605311,9.292661
4/22/2018 6:35,VR2W-131092,A69-1303-4125,,,,,Sundstrup2,56.608186,9.291788
4/22/2018 6:37,VR2W-131092,A69-1303-4125,,,,,Sundstrup2,56.608186,9.291788
4/22/2018 6:37,VR2W-131090,A69-1303-4125,,,,,Sundstrup1,56.605311,9.292661
4/22/2018 6:37,VR2W-131090,A69-1303-4125,,,,,Sundstrup1,56.605311,9.292661
4/22/2018 6:45,VR2W-131090,A69-1303-4125,,,,,Sundstrup1,56.605311,9.292661
4/25/2018 9:44,VR2W-125886,A69-1303-4125,,,,,Aggersund,57.000027,9.292732
4/25/2018 9:51,VR2W-125886,A69-1303-4125,,,,,Aggersund,57.000027,9.292732
4/25/2018 9:53,VR2W-125886,A69-1303-4125,,,,,Aggersund,57.000027,9.292732
4/25/2018 9:56,VR2W-125886,A69-1303-4125,,,,,Aggersund,57.000027,9.292732
4/25/2018 11:54,VR2W-125886,A69-1303-4125,,,,,Aggersund,57.000027,9.292732
4/25/2018 11:56,VR2W-125886,A69-1303-4125,,,,,Aggersund,57.000027,9.292732
4/25/2018 11:57,VR2W-125886,A69-1303-4125,,,,,Aggersund,57.000027,9.292732
4/25/2018 11:58,VR2W-125886,A69-1303-4125,,,,,Aggersund,57.000027,9.292732
4/25/2018 11:58,VR2W-125886,A69-1303-4125,,,,,Aggersund,57.000027,9.292732
4/25/2018 12:01,VR2W-125886,A69-1303-4125,,,,,Aggersund,57.000027,9.292732
4/25/2018 12:01,VR2W-125886,A69-1303-4125,,,,,Aggersund,57.000027,9.292732
4/25/2018 12:03,VR2W-125886,A69-1303-4125,,,,,Aggersund,57.000027,9.292732
4/25/2018 12:04,VR2W-125886,A69-1303-4125,,,,,Aggersund,57.000027,9.292732
4/25/2018 12:04,VR2W-125886,A69-1303-4125,,,,,Aggersund,57.000027,9.292732
4/25/2018 12:05,VR2W-125886,A69-1303-4125,,,,,Aggersund,57.000027,9.292732
4/25/2018 12:06,VR2W-125886,A69-1303-4125,,,,,Aggersund,57.000027,9.292732
4/25/2018 12:11,VR2W-125886,A69-1303-4125,,,,,Aggersund,57.000027,9.292732
4/25/2018 12:12,VR2W-125886,A69-1303-4125,,,,,Aggersund,57.000027,9.292732
4/25/2018 12:14,VR2W-125886,A69-1303-4125,,,,,Aggersund,57.000027,9.292732
4/25/2018 12:14,VR2W-125886,A69-1303-4125,,,,,Aggersund,57.000027,9.292732
4/25/2018 12:15,VR2W-125886,A69-1303-4125,,,,,Aggersund,57.000027,9.292732
4/25/2018 12:16,VR2W-125886,A69-1303-4125,,,,,Aggersund,57.000027,9.292732
4/25/2018 12:17,VR2W-125886,A69-1303-4125,,,,,Aggersund,57.000027,9.292732
4/25/2018 12:18,VR2W-125886,A69-1303-4125,,,,,Aggersund,57.000027,9.292732
4/25/2018 12:32,VR2W-125886,A69-1303-4125,,,,,Aggersund,57.000027,9.292732
4/25/2018 12:47,VR2W-125886,A69-1303-4125,,,,,Aggersund,57.000027,9.292732
4/25/2018 12:47,VR2W-125886,A69-1303-4125,,,,,Aggersund,57.000027,9.292732
4/25/2018 12:52,VR2W-125886,A69-1303-4125,,,,,Aggersund,57.000027,9.292732
4/25/2018 12:53,VR2W-125886,A69-1303-4125,,,,,Aggersund,57.000027,9.292732
4/26/2018 20:27,VR2W-125447,A69-1303-4125,,,,,15 Aalborg,57.054076,9.91539
4/26/2018 20:28,VR2W-108766,A69-1303-4125,,,,,16 Aalborg,57.055955,9.921725
4/26/2018 20:29,VR2W-108766,A69-1303-4125,,,,,16 Aalborg,57.055955,9.921725
4/26/2018 20:30,VR2W-125447,A69-1303-4125,,,,,15 Aalborg,57.054076,9.91539
4/26/2018 20:30,VR2W-108766,A69-1303-4125,,,,,16 Aalborg,57.055955,9.921725
4/26/2018 20:30,VR2W-125447,A69-1303-4125,,,,,15 Aalborg,57.054076,9.91539
4/26/2018 20:31,VR2W-108766,A69-1303-4125,,,,,16 Aalborg,57.055955,9.921725
4/26/2018 20:32,VR2W-125447,A69-1303-4125,,,,,15 Aalborg,57.054076,9.91539
4/26/2018 20:32,VR2W-108766,A69-1303-4125,,,,,16 Aalborg,57.055955,9.921725
4/26/2018 20:35,VR2W-108766,A69-1303-4125,,,,,16 Aalborg,57.055955,9.921725
4/26/2018 20:36,VR2W-108766,A69-1303-4125,,,,,16 Aalborg,57.055955,9.921725
4/26/2018 20:37,VR2W-108766,A69-1303-4125,,,,,16 Aalborg,57.055955,9.921725
4/26/2018 20:38,VR2W-125447,A69-1303-4125,,,,,15 Aalborg,57.054076,9.91539
4/26/2018 20:38,VR2W-108766,A69-1303-4125,,,,,16 Aalborg,57.055955,9.921725
4/26/2018 20:39,VR2W-125447,A69-1303-4125,,,,,15 Aalborg,57.054076,9.91539
4/26/2018 20:39,VR2W-108766,A69-1303-4125,,,,,16 Aalborg,57.055955,9.921725
4/26/2018 20:40,VR2W-125447,A69-1303-4125,,,,,15 Aalborg,57.054076,9.91539
4/26/2018 20:40,VR2W-108766,A69-1303-4125,,,,,16 Aalborg,57.055955,9.921725
4/26/2018 20:41,VR2W-125447,A69-1303-4125,,,,,15 Aalborg,57.054076,9.91539
4/26/2018 20:42,VR2W-108766,A69-1303-4125,,,,,16 Aalborg,57.055955,9.921725
4/26/2018 20:44,VR2W-108766,A69-1303-4125,,,,,16 Aalborg,57.055955,9.921725
4/26/2018 20:45,VR2W-108766,A69-1303-4125,,,,,16 Aalborg,57.055955,9.921725
4/26/2018 20:47,VR2W-108766,A69-1303-4125,,,,,16 Aalborg,57.055955,9.921725
4/26/2018 20:48,VR2W-108766,A69-1303-4125,,,,,16 Aalborg,57.055955,9.921725
4/26/2018 20:49,VR2W-108766,A69-1303-4125,,,,,16 Aalborg,57.055955,9.921725
4/26/2018 20:49,VR2W-108766,A69-1303-4125,,,,,16 Aalborg,57.055955,9.921725
4/26/2018 20:52,VR2W-108766,A69-1303-4125,,,,,16 Aalborg,57.055955,9.921725
4/26/2018 20:54,VR2W-108766,A69-1303-4125,,,,,16 Aalborg,57.055955,9.921725
4/26/2018 21:06,VR2W-108766,A69-1303-4125,,,,,16 Aalborg,57.055955,9.921725
4/26/2018 21:09,VR2W-108766,A69-1303-4125,,,,,16 Aalborg,57.055955,9.921725
4/26/2018 21:10,VR2W-108766,A69-1303-4125,,,,,16 Aalborg,57.055955,9.921725
4/26/2018 21:15,VR2W-108766,A69-1303-4125,,,,,16 Aalborg,57.055955,9.921725
4/26/2018 21:16,VR2W-108766,A69-1303-4125,,,,,16 Aalborg,57.055955,9.921725
4/26/2018 21:20,VR2W-108766,A69-1303-4125,,,,,16 Aalborg,57.055955,9.921725
4/26/2018 21:26,VR2W-108766,A69-1303-4125,,,,,16 Aalborg,57.055955,9.921725
4/26/2018 21:31,VR2W-108766,A69-1303-4125,,,,,16 Aalborg,57.055955,9.921725
4/26/2018 21:33,VR2W-108766,A69-1303-4125,,,,,16 Aalborg,57.055955,9.921725
4/26/2018 21:33,VR2W-108766,A69-1303-4125,,,,,16 Aalborg,57.055955,9.921725
4/26/2018 21:38,VR2W-108766,A69-1303-4125,,,,,16 Aalborg,57.055955,9.921725
4/26/2018 21:40,VR2W-108766,A69-1303-4125,,,,,16 Aalborg,57.055955,9.921725
4/26/2018 21:41,VR2W-108766,A69-1303-4125,,,,,16 Aalborg,57.055955,9.921725
4/26/2018 21:47,VR2W-108766,A69-1303-4125,,,,,16 Aalborg,57.055955,9.921725
4/26/2018 21:48,VR2W-108766,A69-1303-4125,,,,,16 Aalborg,57.055955,9.921725
4/26/2018 21:50,VR2W-108766,A69-1303-4125,,,,,16 Aalborg,57.055955,9.921725
4/26/2018 21:51,VR2W-108766,A69-1303-4125,,,,,16 Aalborg,57.055955,9.921725
4/26/2018 21:53,VR2W-108766,A69-1303-4125,,,,,16 Aalborg,57.055955,9.921725
4/26/2018 21:54,VR2W-108766,A69-1303-4125,,,,,16 Aalborg,57.055955,9.921725
4/26/2018 21:55,VR2W-108766,A69-1303-4125,,,,,16 Aalborg,57.055955,9.921725
4/26/2018 21:57,VR2W-108766,A69-1303-4125,,,,,16 Aalborg,57.055955,9.921725
4/26/2018 21:58,VR2W-108766,A69-1303-4125,,,,,16 Aalborg,57.055955,9.921725
4/26/2018 21:59,VR2W-125447,A69-1303-4125,,,,,15 Aalborg,57.054076,9.91539
4/26/2018 22:01,VR2W-125447,A69-1303-4125,,,,,15 Aalborg,57.054076,9.91539
4/26/2018 22:01,VR2W-108766,A69-1303-4125,,,,,16 Aalborg,57.055955,9.921725
4/26/2018 22:01,VR2W-108766,A69-1303-4125,,,,,16 Aalborg,57.055955,9.921725
4/26/2018 22:03,VR2W-108766,A69-1303-4125,,,,,16 Aalborg,57.055955,9.921725
4/26/2018 22:03,VR2W-125447,A69-1303-4125,,,,,15 Aalborg,57.054076,9.91539
4/26/2018 22:04,VR2W-108766,A69-1303-4125,,,,,16 Aalborg,57.055955,9.921725
4/26/2018 22:05,VR2W-108766,A69-1303-4125,,,,,16 Aalborg,57.055955,9.921725
4/26/2018 22:07,VR2W-108766,A69-1303-4125,,,,,16 Aalborg,57.055955,9.921725
4/26/2018 22:08,VR2W-108766,A69-1303-4125,,,,,16 Aalborg,57.055955,9.921725
4/26/2018 22:09,VR2W-108766,A69-1303-4125,,,,,16 Aalborg,57.055955,9.921725
4/26/2018 22:10,VR2W-108766,A69-1303-4125,,,,,16 Aalborg,57.055955,9.921725
4/26/2018 22:12,VR2W-108766,A69-1303-4125,,,,,16 Aalborg,57.055955,9.921725
4/26/2018 22:14,VR2W-108766,A69-1303-4125,,,,,16 Aalborg,57.055955,9.921725
4/26/2018 22:17,VR2W-108766,A69-1303-4125,,,,,16 Aalborg,57.055955,9.921725
4/26/2018 22:18,VR2W-108766,A69-1303-4125,,,,,16 Aalborg,57.055955,9.921725
4/26/2018 22:21,VR2W-108766,A69-1303-4125,,,,,16 Aalborg,57.055955,9.921725
4/26/2018 22:22,VR2W-108766,A69-1303-4125,,,,,16 Aalborg,57.055955,9.921725
4/26/2018 22:23,VR2W-108766,A69-1303-4125,,,,,16 Aalborg,57.055955,9.921725
4/26/2018 22:24,VR2W-108766,A69-1303-4125,,,,,16 Aalborg,57.055955,9.921725
4/26/2018 22:27,VR2W-108766,A69-1303-4125,,,,,16 Aalborg,57.055955,9.921725
4/26/2018 22:28,VR2W-108766,A69-1303-4125,,,,,16 Aalborg,57.055955,9.921725
4/26/2018 22:29,VR2W-108766,A69-1303-4125,,,,,16 Aalborg,57.055955,9.921725
4/26/2018 22:30,VR2W-108766,A69-1303-4125,,,,,16 Aalborg,57.055955,9.921725
4/26/2018 22:32,VR2W-108766,A69-1303-4125,,,,,16 Aalborg,57.055955,9.921725
4/26/2018 22:36,VR2W-108766,A69-1303-4125,,,,,16 Aalborg,57.055955,9.921725
4/26/2018 22:36,VR2W-108766,A69-1303-4125,,,,,16 Aalborg,57.055955,9.921725
4/26/2018 22:38,VR2W-108766,A69-1303-4125,,,,,16 Aalborg,57.055955,9.921725
4/26/2018 22:39,VR2W-108766,A69-1303-4125,,,,,16 Aalborg,57.055955,9.921725
4/26/2018 22:39,VR2W-125447,A69-1303-4125,,,,,15 Aalborg,57.054076,9.91539
4/26/2018 22:40,VR2W-108766,A69-1303-4125,,,,,16 Aalborg,57.055955,9.921725
4/26/2018 22:41,VR2W-108766,A69-1303-4125,,,,,16 Aalborg,57.055955,9.921725
4/26/2018 22:42,VR2W-125447,A69-1303-4125,,,,,15 Aalborg,57.054076,9.91539
4/26/2018 22:42,VR2W-125447,A69-1303-4125,,,,,15 Aalborg,57.054076,9.91539
4/26/2018 22:43,VR2W-108766,A69-1303-4125,,,,,16 Aalborg,57.055955,9.921725
4/26/2018 22:46,VR2W-108766,A69-1303-4125,,,,,16 Aalborg,57.055955,9.921725
4/26/2018 22:47,VR2W-108766,A69-1303-4125,,,,,16 Aalborg,57.055955,9.921725
4/26/2018 22:48,VR2W-108766,A69-1303-4125,,,,,16 Aalborg,57.055955,9.921725
4/26/2018 22:48,VR2W-125447,A69-1303-4125,,,,,15 Aalborg,57.054076,9.91539
4/26/2018 22:49,VR2W-108766,A69-1303-4125,,,,,16 Aalborg,57.055955,9.921725
4/26/2018 22:50,VR2W-125447,A69-1303-4125,,,,,15 Aalborg,57.054076,9.91539
4/26/2018 22:51,VR2W-108766,A69-1303-4125,,,,,16 Aalborg,57.055955,9.921725
4/26/2018 22:51,VR2W-125447,A69-1303-4125,,,,,15 Aalborg,57.054076,9.91539
4/26/2018 22:52,VR2W-108766,A69-1303-4125,,,,,16 Aalborg,57.055955,9.921725
4/26/2018 22:52,VR2W-108766,A69-1303-4125,,,,,16 Aalborg,57.055955,9.921725
4/26/2018 22:52,VR2W-125447,A69-1303-4125,,,,,15 Aalborg,57.054076,9.91539
4/26/2018 22:55,VR2W-125447,A69-1303-4125,,,,,15 Aalborg,57.054076,9.91539
4/26/2018 22:55,VR2W-108766,A69-1303-4125,,,,,16 Aalborg,57.055955,9.921725
4/26/2018 22:56,VR2W-108766,A69-1303-4125,,,,,16 Aalborg,57.055955,9.921725
4/26/2018 22:57,VR2W-125447,A69-1303-4125,,,,,15 Aalborg,57.054076,9.91539
4/26/2018 22:57,VR2W-108766,A69-1303-4125,,,,,16 Aalborg,57.055955,9.921725
4/26/2018 22:57,VR2W-125447,A69-1303-4125,,,,,15 Aalborg,57.054076,9.91539
4/26/2018 22:58,VR2W-108766,A69-1303-4125,,,,,16 Aalborg,57.055955,9.921725
4/26/2018 22:58,VR2W-125447,A69-1303-4125,,,,,15 Aalborg,57.054076,9.91539
4/26/2018 22:59,VR2W-108766,A69-1303-4125,,,,,16 Aalborg,57.055955,9.921725
4/26/2018 23:00,VR2W-125447,A69-1303-4125,,,,,15 Aalborg,57.054076,9.91539
4/26/2018 23:00,VR2W-108766,A69-1303-4125,,,,,16 Aalborg,57.055955,9.921725
4/26/2018 23:01,VR2W-108766,A69-1303-4125,,,,,16 Aalborg,57.055955,9.921725
4/26/2018 23:02,VR2W-108766,A69-1303-4125,,,,,16 Aalborg,57.055955,9.921725
4/26/2018 23:02,VR2W-125447,A69-1303-4125,,,,,15 Aalborg,57.054076,9.91539
4/26/2018 23:03,VR2W-108766,A69-1303-4125,,,,,16 Aalborg,57.055955,9.921725
4/26/2018 23:03,VR2W-125447,A69-1303-4125,,,,,15 Aalborg,57.054076,9.91539
4/26/2018 23:04,VR2W-125447,A69-1303-4125,,,,,15 Aalborg,57.054076,9.91539
4/26/2018 23:05,VR2W-108766,A69-1303-4125,,,,,16 Aalborg,57.055955,9.921725
4/26/2018 23:05,VR2W-125447,A69-1303-4125,,,,,15 Aalborg,57.054076,9.91539
4/26/2018 23:06,VR2W-125447,A69-1303-4125,,,,,15 Aalborg,57.054076,9.91539
4/26/2018 23:06,VR2W-125447,A69-1303-4125,,,,,15 Aalborg,57.054076,9.91539
4/26/2018 23:06,VR2W-108766,A69-1303-4125,,,,,16 Aalborg,57.055955,9.921725
4/26/2018 23:07,VR2W-108766,A69-1303-4125,,,,,16 Aalborg,57.055955,9.921725
4/26/2018 23:08,VR2W-108766,A69-1303-4125,,,,,16 Aalborg,57.055955,9.921725
4/26/2018 23:08,VR2W-108766,A69-1303-4125,,,,,16 Aalborg,57.055955,9.921725
4/26/2018 23:09,VR2W-125447,A69-1303-4125,,,,,15 Aalborg,57.054076,9.91539
4/26/2018 23:10,VR2W-125447,A69-1303-4125,,,,,15 Aalborg,57.054076,9.91539
4/26/2018 23:11,VR2W-125447,A69-1303-4125,,,,,15 Aalborg,57.054076,9.91539
4/26/2018 23:12,VR2W-108766,A69-1303-4125,,,,,16 Aalborg,57.055955,9.921725
4/26/2018 23:13,VR2W-125447,A69-1303-4125,,,,,15 Aalborg,57.054076,9.91539
4/26/2018 23:13,VR2W-108766,A69-1303-4125,,,,,16 Aalborg,57.055955,9.921725
4/26/2018 23:15,VR2W-108766,A69-1303-4125,,,,,16 Aalborg,57.055955,9.921725
4/26/2018 23:16,VR2W-125447,A69-1303-4125,,,,,15 Aalborg,57.054076,9.91539
4/26/2018 23:18,VR2W-108766,A69-1303-4125,,,,,16 Aalborg,57.055955,9.921725
4/26/2018 23:19,VR2W-108766,A69-1303-4125,,,,,16 Aalborg,57.055955,9.921725
4/26/2018 23:20,VR2W-108766,A69-1303-4125,,,,,16 Aalborg,57.055955,9.921725
4/26/2018 23:21,VR2W-108766,A69-1303-4125,,,,,16 Aalborg,57.055955,9.921725
4/26/2018 23:22,VR2W-108766,A69-1303-4125,,,,,16 Aalborg,57.055955,9.921725
4/26/2018 23:23,VR2W-108766,A69-1303-4125,,,,,16 Aalborg,57.055955,9.921725
4/26/2018 23:23,VR2W-125447,A69-1303-4125,,,,,15 Aalborg,57.054076,9.91539
4/26/2018 23:24,VR2W-108766,A69-1303-4125,,,,,16 Aalborg,57.055955,9.921725
4/26/2018 23:24,VR2W-125447,A69-1303-4125,,,,,15 Aalborg,57.054076,9.91539
4/26/2018 23:25,VR2W-108766,A69-1303-4125,,,,,16 Aalborg,57.055955,9.921725
4/26/2018 23:26,VR2W-125447,A69-1303-4125,,,,,15 Aalborg,57.054076,9.91539
4/26/2018 23:26,VR2W-108766,A69-1303-4125,,,,,16 Aalborg,57.055955,9.921725
4/26/2018 23:27,VR2W-108766,A69-1303-4125,,,,,16 Aalborg,57.055955,9.921725
4/26/2018 23:28,VR2W-125447,A69-1303-4125,,,,,15 Aalborg,57.054076,9.91539
4/26/2018 23:29,VR2W-108766,A69-1303-4125,,,,,16 Aalborg,57.055955,9.921725
4/26/2018 23:29,VR2W-125447,A69-1303-4125,,,,,15 Aalborg,57.054076,9.91539
4/26/2018 23:29,VR2W-125447,A69-1303-4125,,,,,15 Aalborg,57.054076,9.91539
4/26/2018 23:30,VR2W-108766,A69-1303-4125,,,,,16 Aalborg,57.055955,9.921725
4/26/2018 23:30,VR2W-125447,A69-1303-4125,,,,,15 Aalborg,57.054076,9.91539
4/26/2018 23:31,VR2W-108766,A69-1303-4125,,,,,16 Aalborg,57.055955,9.921725
4/26/2018 23:32,VR2W-108766,A69-1303-4125,,,,,16 Aalborg,57.055955,9.921725
4/26/2018 23:32,VR2W-125447,A69-1303-4125,,,,,15 Aalborg,57.054076,9.91539
4/26/2018 23:33,VR2W-108766,A69-1303-4125,,,,,16 Aalborg,57.055955,9.921725
4/26/2018 23:33,VR2W-125447,A69-1303-4125,,,,,15 Aalborg,57.054076,9.91539
4/26/2018 23:34,VR2W-108766,A69-1303-4125,,,,,16 Aalborg,57.055955,9.921725
4/26/2018 23:35,VR2W-108766,A69-1303-4125,,,,,16 Aalborg,57.055955,9.921725
4/26/2018 23:35,VR2W-125447,A69-1303-4125,,,,,15 Aalborg,57.054076,9.91539
4/26/2018 23:36,VR2W-108766,A69-1303-4125,,,,,16 Aalborg,57.055955,9.921725
4/26/2018 23:36,VR2W-108766,A69-1303-4125,,,,,16 Aalborg,57.055955,9.921725
4/26/2018 23:38,VR2W-108766,A69-1303-4125,,,,,16 Aalborg,57.055955,9.921725
4/26/2018 23:38,VR2W-108766,A69-1303-4125,,,,,16 Aalborg,57.055955,9.921725
4/26/2018 23:40,VR2W-108766,A69-1303-4125,,,,,16 Aalborg,57.055955,9.921725
4/26/2018 23:40,VR2W-108766,A69-1303-4125,,,,,16 Aalborg,57.055955,9.921725
4/26/2018 23:43,VR2W-108766,A69-1303-4125,,,,,16 Aalborg,57.055955,9.921725
4/26/2018 23:44,VR2W-108766,A69-1303-4125,,,,,16 Aalborg,57.055955,9.921725
4/26/2018 23:44,VR2W-108766,A69-1303-4125,,,,,16 Aalborg,57.055955,9.921725
4/26/2018 23:44,VR2W-125447,A69-1303-4125,,,,,15 Aalborg,57.054076,9.91539
4/26/2018 23:45,VR2W-108766,A69-1303-4125,,,,,16 Aalborg,57.055955,9.921725
4/26/2018 23:46,VR2W-125447,A69-1303-4125,,,,,15 Aalborg,57.054076,9.91539
4/26/2018 23:47,VR2W-108766,A69-1303-4125,,,,,16 Aalborg,57.055955,9.921725
4/26/2018 23:47,VR2W-125447,A69-1303-4125,,,,,15 Aalborg,57.054076,9.91539
4/26/2018 23:48,VR2W-108766,A69-1303-4125,,,,,16 Aalborg,57.055955,9.921725
4/26/2018 23:49,VR2W-108766,A69-1303-4125,,,,,16 Aalborg,57.055955,9.921725
4/26/2018 23:50,VR2W-108766,A69-1303-4125,,,,,16 Aalborg,57.055955,9.921725
4/26/2018 23:51,VR2W-125447,A69-1303-4125,,,,,15 Aalborg,57.054076,9.91539
4/26/2018 23:51,VR2W-108766,A69-1303-4125,,,,,16 Aalborg,57.055955,9.921725
4/26/2018 23:52,VR2W-108766,A69-1303-4125,,,,,16 Aalborg,57.055955,9.921725
4/26/2018 23:53,VR2W-125447,A69-1303-4125,,,,,15 Aalborg,57.054076,9.91539
4/26/2018 23:53,VR2W-108766,A69-1303-4125,,,,,16 Aalborg,57.055955,9.921725
4/26/2018 23:54,VR2W-108766,A69-1303-4125,,,,,16 Aalborg,57.055955,9.921725
4/26/2018 23:55,VR2W-108766,A69-1303-4125,,,,,16 Aalborg,57.055955,9.921725
4/26/2018 23:56,VR2W-108766,A69-1303-4125,,,,,16 Aalborg,57.055955,9.921725
4/26/2018 23:57,VR2W-108766,A69-1303-4125,,,,,16 Aalborg,57.055955,9.921725
4/26/2018 23:57,VR2W-108766,A69-1303-4125,,,,,16 Aalborg,57.055955,9.921725
4/26/2018 23:59,VR2W-125447,A69-1303-4125,,,,,15 Aalborg,57.054076,9.91539
4/26/2018 23:59,VR2W-108766,A69-1303-4125,,,,,16 Aalborg,57.055955,9.921725
4/27/2018 0:00,VR2W-125447,A69-1303-4125,,,,,15 Aalborg,57.054076,9.91539
4/27/2018 0:01,VR2W-108766,A69-1303-4125,,,,,16 Aalborg,57.055955,9.921725
4/27/2018 0:02,VR2W-108766,A69-1303-4125,,,,,16 Aalborg,57.055955,9.921725
4/27/2018 0:03,VR2W-125447,A69-1303-4125,,,,,15 Aalborg,57.054076,9.91539
4/27/2018 0:04,VR2W-108766,A69-1303-4125,,,,,16 Aalborg,57.055955,9.921725
4/27/2018 0:04,VR2W-125447,A69-1303-4125,,,,,15 Aalborg,57.054076,9.91539
4/27/2018 0:05,VR2W-108766,A69-1303-4125,,,,,16 Aalborg,57.055955,9.921725
4/27/2018 0:06,VR2W-108766,A69-1303-4125,,,,,16 Aalborg,57.055955,9.921725
4/27/2018 0:06,VR2W-108766,A69-1303-4125,,,,,16 Aalborg,57.055955,9.921725
4/27/2018 0:07,VR2W-108766,A69-1303-4125,,,,,16 Aalborg,57.055955,9.921725
4/27/2018 0:08,VR2W-125447,A69-1303-4125,,,,,15 Aalborg,57.054076,9.91539
4/27/2018 0:09,VR2W-108766,A69-1303-4125,,,,,16 Aalborg,57.055955,9.921725
4/27/2018 0:09,VR2W-125447,A69-1303-4125,,,,,15 Aalborg,57.054076,9.91539
4/27/2018 0:10,VR2W-108766,A69-1303-4125,,,,,16 Aalborg,57.055955,9.921725
4/27/2018 0:10,VR2W-125447,A69-1303-4125,,,,,15 Aalborg,57.054076,9.91539
4/27/2018 0:11,VR2W-108766,A69-1303-4125,,,,,16 Aalborg,57.055955,9.921725
4/27/2018 0:11,VR2W-108766,A69-1303-4125,,,,,16 Aalborg,57.055955,9.921725
4/27/2018 0:12,VR2W-125447,A69-1303-4125,,,,,15 Aalborg,57.054076,9.91539
4/27/2018 0:13,VR2W-108766,A69-1303-4125,,,,,16 Aalborg,57.055955,9.921725
4/27/2018 0:13,VR2W-125447,A69-1303-4125,,,,,15 Aalborg,57.054076,9.91539
4/27/2018 0:14,VR2W-108766,A69-1303-4125,,,,,16 Aalborg,57.055955,9.921725
4/27/2018 0:14,VR2W-125447,A69-1303-4125,,,,,15 Aalborg,57.054076,9.91539
4/27/2018 0:15,VR2W-108766,A69-1303-4125,,,,,16 Aalborg,57.055955,9.921725
4/27/2018 0:15,VR2W-125447,A69-1303-4125,,,,,15 Aalborg,57.054076,9.91539
4/27/2018 0:16,VR2W-108766,A69-1303-4125,,,,,16 Aalborg,57.055955,9.921725
4/27/2018 0:17,VR2W-108766,A69-1303-4125,,,,,16 Aalborg,57.055955,9.921725
4/27/2018 0:18,VR2W-108766,A69-1303-4125,,,,,16 Aalborg,57.055955,9.921725
4/27/2018 0:20,VR2W-108766,A69-1303-4125,,,,,16 Aalborg,57.055955,9.921725
4/27/2018 0:21,VR2W-108766,A69-1303-4125,,,,,16 Aalborg,57.055955,9.921725
4/27/2018 0:22,VR2W-108766,A69-1303-4125,,,,,16 Aalborg,57.055955,9.921725
4/27/2018 0:22,VR2W-108766,A69-1303-4125,,,,,16 Aalborg,57.055955,9.921725
4/27/2018 0:23,VR2W-108766,A69-1303-4125,,,,,16 Aalborg,57.055955,9.921725
4/27/2018 0:24,VR2W-108766,A69-1303-4125,,,,,16 Aalborg,57.055955,9.921725
4/27/2018 0:25,VR2W-108766,A69-1303-4125,,,,,16 Aalborg,57.055955,9.921725
4/27/2018 0:25,VR2W-125447,A69-1303-4125,,,,,15 Aalborg,57.054076,9.91539
4/27/2018 0:26,VR2W-108766,A69-1303-4125,,,,,16 Aalborg,57.055955,9.921725
4/27/2018 0:26,VR2W-108766,A69-1303-4125,,,,,16 Aalborg,57.055955,9.921725
4/27/2018 0:26,VR2W-125447,A69-1303-4125,,,,,15 Aalborg,57.054076,9.91539
4/27/2018 0:28,VR2W-108766,A69-1303-4125,,,,,16 Aalborg,57.055955,9.921725
4/27/2018 0:29,VR2W-108766,A69-1303-4125,,,,,16 Aalborg,57.055955,9.921725
4/27/2018 0:32,VR2W-108766,A69-1303-4125,,,,,16 Aalborg,57.055955,9.921725
4/27/2018 0:33,VR2W-108766,A69-1303-4125,,,,,16 Aalborg,57.055955,9.921725
4/27/2018 0:35,VR2W-108766,A69-1303-4125,,,,,16 Aalborg,57.055955,9.921725
4/27/2018 0:37,VR2W-108766,A69-1303-4125,,,,,16 Aalborg,57.055955,9.921725
4/27/2018 0:40,VR2W-108766,A69-1303-4125,,,,,16 Aalborg,57.055955,9.921725
4/27/2018 0:40,VR2W-108766,A69-1303-4125,,,,,16 Aalborg,57.055955,9.921725
4/27/2018 0:44,VR2W-108766,A69-1303-4125,,,,,16 Aalborg,57.055955,9.921725
4/27/2018 0:46,VR2W-108766,A69-1303-4125,,,,,16 Aalborg,57.055955,9.921725
4/27/2018 0:47,VR2W-108766,A69-1303-4125,,,,,16 Aalborg,57.055955,9.921725
4/27/2018 0:48,VR2W-108766,A69-1303-4125,,,,,16 Aalborg,57.055955,9.921725
4/27/2018 0:50,VR2W-108766,A69-1303-4125,,,,,16 Aalborg,57.055955,9.921725
4/27/2018 0:50,VR2W-108766,A69-1303-4125,,,,,16 Aalborg,57.055955,9.921725
4/27/2018 0:50,VR2W-125447,A69-1303-4125,,,,,15 Aalborg,57.054076,9.91539
4/27/2018 0:51,VR2W-108766,A69-1303-4125,,,,,16 Aalborg,57.055955,9.921725
4/27/2018 0:51,VR2W-108766,A69-1303-4125,,,,,16 Aalborg,57.055955,9.921725
4/27/2018 0:52,VR2W-125447,A69-1303-4125,,,,,15 Aalborg,57.054076,9.91539
4/27/2018 0:53,VR2W-108766,A69-1303-4125,,,,,16 Aalborg,57.055955,9.921725
4/27/2018 0:54,VR2W-108766,A69-1303-4125,,,,,16 Aalborg,57.055955,9.921725
4/27/2018 0:57,VR2W-108766,A69-1303-4125,,,,,16 Aalborg,57.055955,9.921725
4/27/2018 1:00,VR2W-108766,A69-1303-4125,,,,,16 Aalborg,57.055955,9.921725
4/27/2018 1:02,VR2W-108766,A69-1303-4125,,,,,16 Aalborg,57.055955,9.921725
4/27/2018 1:03,VR2W-125447,A69-1303-4125,,,,,15 Aalborg,57.054076,9.91539
4/27/2018 1:06,VR2W-108766,A69-1303-4125,,,,,16 Aalborg,57.055955,9.921725
4/27/2018 1:07,VR2W-125447,A69-1303-4125,,,,,15 Aalborg,57.054076,9.91539
4/27/2018 1:07,VR2W-108766,A69-1303-4125,,,,,16 Aalborg,57.055955,9.921725
4/27/2018 1:09,VR2W-108766,A69-1303-4125,,,,,16 Aalborg,57.055955,9.921725
4/27/2018 1:10,VR2W-108766,A69-1303-4125,,,,,16 Aalborg,57.055955,9.921725
4/27/2018 1:11,VR2W-108766,A69-1303-4125,,,,,16 Aalborg,57.055955,9.921725
4/27/2018 1:13,VR2W-125447,A69-1303-4125,,,,,15 Aalborg,57.054076,9.91539
4/27/2018 1:23,VR2W-125447,A69-1303-4125,,,,,15 Aalborg,57.054076,9.91539
4/27/2018 1:26,VR2W-125447,A69-1303-4125,,,,,15 Aalborg,57.054076,9.91539
4/27/2018 1:26,VR2W-108766,A69-1303-4125,,,,,16 Aalborg,57.055955,9.921725
4/27/2018 1:45,VR2W-108766,A69-1303-4125,,,,,16 Aalborg,57.055955,9.921725
4/27/2018 1:47,VR2W-108766,A69-1303-4125,,,,,16 Aalborg,57.055955,9.921725
4/27/2018 1:49,VR2W-108766,A69-1303-4125,,,,,16 Aalborg,57.055955,9.921725
4/27/2018 1:50,VR2W-108766,A69-1303-4125,,,,,16 Aalborg,57.055955,9.921725
4/27/2018 1:51,VR2W-108766,A69-1303-4125,,,,,16 Aalborg,57.055955,9.921725
4/27/2018 1:55,VR2W-108766,A69-1303-4125,,,,,16 Aalborg,57.055955,9.921725
4/27/2018 1:58,VR2W-108766,A69-1303-4125,,,,,16 Aalborg,57.055955,9.921725
4/27/2018 1:59,VR2W-108766,A69-1303-4125,,,,,16 Aalborg,57.055955,9.921725
4/27/2018 2:01,VR2W-108766,A69-1303-4125,,,,,16 Aalborg,57.055955,9.921725
4/27/2018 2:02,VR2W-108766,A69-1303-4125,,,,,16 Aalborg,57.055955,9.921725
4/27/2018 2:05,VR2W-108766,A69-1303-4125,,,,,16 Aalborg,57.055955,9.921725
4/27/2018 2:05,VR2W-108766,A69-1303-4125,,,,,16 Aalborg,57.055955,9.921725
4/27/2018 2:09,VR2W-108766,A69-1303-4125,,,,,16 Aalborg,57.055955,9.921725
4/27/2018 2:10,VR2W-108766,A69-1303-4125,,,,,16 Aalborg,57.055955,9.921725
4/27/2018 2:14,VR2W-108766,A69-1303-4125,,,,,16 Aalborg,57.055955,9.921725
4/27/2018 2:16,VR2W-108766,A69-1303-4125,,,,,16 Aalborg,57.055955,9.921725
4/27/2018 2:24,VR2W-108766,A69-1303-4125,,,,,16 Aalborg,57.055955,9.921725
4/27/2018 2:25,VR2W-108766,A69-1303-4125,,,,,16 Aalborg,57.055955,9.921725
4/27/2018 2:26,VR2W-108766,A69-1303-4125,,,,,16 Aalborg,57.055955,9.921725
4/27/2018 2:28,VR2W-108766,A69-1303-4125,,,,,16 Aalborg,57.055955,9.921725
4/27/2018 2:28,VR2W-108766,A69-1303-4125,,,,,16 Aalborg,57.055955,9.921725
4/27/2018 2:29,VR2W-108766,A69-1303-4125,,,,,16 Aalborg,57.055955,9.921725
4/27/2018 2:30,VR2W-108766,A69-1303-4125,,,,,16 Aalborg,57.055955,9.921725
4/27/2018 2:31,VR2W-108766,A69-1303-4125,,,,,16 Aalborg,57.055955,9.921725
4/27/2018 2:32,VR2W-108766,A69-1303-4125,,,,,16 Aalborg,57.055955,9.921725
4/27/2018 2:34,VR2W-108766,A69-1303-4125,,,,,16 Aalborg,57.055955,9.921725
4/27/2018 2:35,VR2W-108766,A69-1303-4125,,,,,16 Aalborg,57.055955,9.921725
4/27/2018 2:35,VR2W-108766,A69-1303-4125,,,,,16 Aalborg,57.055955,9.921725
4/27/2018 2:37,VR2W-108766,A69-1303-4125,,,,,16 Aalborg,57.055955,9.921725
4/27/2018 2:37,VR2W-108766,A69-1303-4125,,,,,16 Aalborg,57.055955,9.921725
4/27/2018 2:39,VR2W-108766,A69-1303-4125,,,,,16 Aalborg,57.055955,9.921725
4/27/2018 2:40,VR2W-108766,A69-1303-4125,,,,,16 Aalborg,57.055955,9.921725
4/27/2018 2:42,VR2W-108766,A69-1303-4125,,,,,16 Aalborg,57.055955,9.921725
4/27/2018 2:44,VR2W-108766,A69-1303-4125,,,,,16 Aalborg,57.055955,9.921725
4/27/2018 2:45,VR2W-108766,A69-1303-4125,,,,,16 Aalborg,57.055955,9.921725
4/27/2018 2:46,VR2W-108766,A69-1303-4125,,,,,16 Aalborg,57.055955,9.921725
4/27/2018 2:46,VR2W-125447,A69-1303-4125,,,,,15 Aalborg,57.054076,9.91539
4/27/2018 2:47,VR2W-108766,A69-1303-4125,,,,,16 Aalborg,57.055955,9.921725
4/27/2018 2:47,VR2W-125447,A69-1303-4125,,,,,15 Aalborg,57.054076,9.91539
4/27/2018 2:48,VR2W-108766,A69-1303-4125,,,,,16 Aalborg,57.055955,9.921725
4/27/2018 2:49,VR2W-125447,A69-1303-4125,,,,,15 Aalborg,57.054076,9.91539
4/27/2018 2:50,VR2W-108766,A69-1303-4125,,,,,16 Aalborg,57.055955,9.921725
4/27/2018 2:50,VR2W-125447,A69-1303-4125,,,,,15 Aalborg,57.054076,9.91539
4/27/2018 2:51,VR2W-125447,A69-1303-4125,,,,,15 Aalborg,57.054076,9.91539
4/27/2018 2:54,VR2W-125447,A69-1303-4125,,,,,15 Aalborg,57.054076,9.91539
4/27/2018 2:55,VR2W-108766,A69-1303-4125,,,,,16 Aalborg,57.055955,9.921725
4/27/2018 2:57,VR2W-125447,A69-1303-4125,,,,,15 Aalborg,57.054076,9.91539
4/27/2018 2:58,VR2W-108766,A69-1303-4125,,,,,16 Aalborg,57.055955,9.921725
4/27/2018 3:00,VR2W-108766,A69-1303-4125,,,,,16 Aalborg,57.055955,9.921725
4/27/2018 3:00,VR2W-125447,A69-1303-4125,,,,,15 Aalborg,57.054076,9.91539
4/27/2018 3:01,VR2W-108766,A69-1303-4125,,,,,16 Aalborg,57.055955,9.921725
4/27/2018 3:02,VR2W-108766,A69-1303-4125,,,,,16 Aalborg,57.055955,9.921725
4/27/2018 3:02,VR2W-125447,A69-1303-4125,,,,,15 Aalborg,57.054076,9.91539
4/27/2018 3:02,VR2W-125447,A69-1303-4125,,,,,15 Aalborg,57.054076,9.91539
4/27/2018 3:03,VR2W-125447,A69-1303-4125,,,,,15 Aalborg,57.054076,9.91539
4/27/2018 3:07,VR2W-108766,A69-1303-4125,,,,,16 Aalborg,57.055955,9.921725
4/27/2018 3:10,VR2W-108766,A69-1303-4125,,,,,16 Aalborg,57.055955,9.921725
4/27/2018 3:11,VR2W-108766,A69-1303-4125,,,,,16 Aalborg,57.055955,9.921725
4/27/2018 3:13,VR2W-108766,A69-1303-4125,,,,,16 Aalborg,57.055955,9.921725
4/27/2018 3:14,VR2W-108766,A69-1303-4125,,,,,16 Aalborg,57.055955,9.921725
4/27/2018 3:15,VR2W-108766,A69-1303-4125,,,,,16 Aalborg,57.055955,9.921725
4/27/2018 3:16,VR2W-125447,A69-1303-4125,,,,,15 Aalborg,57.054076,9.91539
4/27/2018 3:16,VR2W-108766,A69-1303-4125,,,,,16 Aalborg,57.055955,9.921725
4/27/2018 3:17,VR2W-125447,A69-1303-4125,,,,,15 Aalborg,57.054076,9.91539
4/27/2018 3:19,VR2W-108766,A69-1303-4125,,,,,16 Aalborg,57.055955,9.921725
4/27/2018 3:19,VR2W-125447,A69-1303-4125,,,,,15 Aalborg,57.054076,9.91539
4/27/2018 3:21,VR2W-108766,A69-1303-4125,,,,,16 Aalborg,57.055955,9.921725
4/27/2018 3:21,VR2W-108766,A69-1303-4125,,,,,16 Aalborg,57.055955,9.921725
4/27/2018 3:23,VR2W-108766,A69-1303-4125,,,,,16 Aalborg,57.055955,9.921725
4/27/2018 3:24,VR2W-108766,A69-1303-4125,,,,,16 Aalborg,57.055955,9.921725
4/27/2018 3:25,VR2W-108766,A69-1303-4125,,,,,16 Aalborg,57.055955,9.921725
4/27/2018 3:27,VR2W-108766,A69-1303-4125,,,,,16 Aalborg,57.055955,9.921725
4/27/2018 12:07,VR2W-108768,A69-1303-4125,,,,,Hals2,56.985826,10.31077
4/27/2018 12:07,VR2W-108768,A69-1303-4125,,,,,Hals2,56.985826,10.31077
4/27/2018 12:08,VR2W-108768,A69-1303-4125,,,,,Hals2,56.985826,10.31077
4/27/2018 12:09,VR2W-108768,A69-1303-4125,,,,,Hals2,56.985826,10.31077
4/27/2018 12:10,VR2W-108768,A69-1303-4125,,,,,Hals2,56.985826,10.31077
4/27/2018 12:12,VR2W-125452,A69-1303-4125,,,,,Hals1,56.989474,10.310159
4/27/2018 12:12,VR2W-125452,A69-1303-4125,,,,,Hals1,56.989474,10.310159
4/27/2018 12:13,VR2W-125452,A69-1303-4125,,,,,Hals1,56.989474,10.310159
4/27/2018 12:14,VR2W-125452,A69-1303-4125,,,,,Hals1,56.989474,10.310159
4/27/2018 12:15,VR2W-125452,A69-1303-4125,,,,,Hals1,56.989474,10.310159
4/27/2018 12:17,VR2W-125452,A69-1303-4125,,,,,Hals1,56.989474,10.310159
4/27/2018 12:18,VR2W-125452,A69-1303-4125,,,,,Hals1,56.989474,10.310159
4/28/2018 6:24,VR2W-125452,A69-1303-4125,,,,,Hals1,56.989474,10.310159
4/28/2018 6:26,VR2W-108768,A69-1303-4125,,,,,Hals2,56.985826,10.31077
4/28/2018 6:42,VR2W-108768,A69-1303-4125,,,,,Hals2,56.985826,10.31077
4/28/2018 6:43,VR2W-108768,A69-1303-4125,,,,,Hals2,56.985826,10.31077
4/28/2018 6:44,VR2W-108768,A69-1303-4125,,,,,Hals2,56.985826,10.31077
4/28/2018 6:45,VR2W-108768,A69-1303-4125,,,,,Hals2,56.985826,10.31077
4/28/2018 6:48,VR2W-108768,A69-1303-4125,,,,,Hals2,56.985826,10.31077
4/28/2018 6:48,VR2W-108768,A69-1303-4125,,,,,Hals2,56.985826,10.31077
4/28/2018 6:50,VR2W-125452,A69-1303-4125,,,,,Hals1,56.989474,10.310159
4/28/2018 6:53,VR2W-108768,A69-1303-4125,,,,,Hals2,56.985826,10.31077
4/28/2018 6:53,VR2W-125452,A69-1303-4125,,,,,Hals1,56.989474,10.310159
4/28/2018 6:53,VR2W-108768,A69-1303-4125,,,,,Hals2,56.985826,10.31077
4/28/2018 6:54,VR2W-125452,A69-1303-4125,,,,,Hals1,56.989474,10.310159
4/28/2018 6:55,VR2W-108768,A69-1303-4125,,,,,Hals2,56.985826,10.31077
4/28/2018 6:56,VR2W-108768,A69-1303-4125,,,,,Hals2,56.985826,10.31077
4/28/2018 6:57,VR2W-108768,A69-1303-4125,,,,,Hals2,56.985826,10.31077
4/28/2018 6:59,VR2W-108768,A69-1303-4125,,,,,Hals2,56.985826,10.31077
4/28/2018 7:03,VR2W-125452,A69-1303-4125,,,,,Hals1,56.989474,10.310159
4/28/2018 7:04,VR2W-125452,A69-1303-4125,,,,,Hals1,56.989474,10.310159
4/28/2018 7:06,VR2W-125452,A69-1303-4125,,,,,Hals1,56.989474,10.310159
4/28/2018 7:19,VR2W-125452,A69-1303-4125,,,,,Hals1,56.989474,10.310159
4/28/2018 7:36,VR2W-108768,A69-1303-4125,,,,,Hals2,56.985826,10.31077
4/28/2018 7:52,VR2W-125452,A69-1303-4125,,,,,Hals1,56.989474,10.310159
4/28/2018 7:53,VR2W-125452,A69-1303-4125,,,,,Hals1,56.989474,10.310159
4/28/2018 8:03,VR2W-108768,A69-1303-4125,,,,,Hals2,56.985826,10.31077
4/28/2018 8:05,VR2W-108768,A69-1303-4125,,,,,Hals2,56.985826,10.31077
4/28/2018 8:07,VR2W-125452,A69-1303-4125,,,,,Hals1,56.989474,10.310159
4/28/2018 8:09,VR2W-125452,A69-1303-4125,,,,,Hals1,56.989474,10.310159
4/28/2018 8:10,VR2W-125452,A69-1303-4125,,,,,Hals1,56.989474,10.310159
4/28/2018 8:36,VR2W-125452,A69-1303-4125,,,,,Hals1,56.989474,10.310159
4/28/2018 8:45,VR2W-125452,A69-1303-4125,,,,,Hals1,56.989474,10.310159
4/28/2018 9:16,VR2W-125452,A69-1303-4125,,,,,Hals1,56.989474,10.310159
4/28/2018 11:41,VR2W-108768,A69-1303-4125,,,,,Hals2,56.985826,10.31077
4/28/2018 11:44,VR2W-108768,A69-1303-4125,,,,,Hals2,56.985826,10.31077
4/28/2018 11:45,VR2W-108768,A69-1303-4125,,,,,Hals2,56.985826,10.31077
4/28/2018 11:46,VR2W-108768,A69-1303-4125,,,,,Hals2,56.985826,10.31077
4/28/2018 11:47,VR2W-108768,A69-1303-4125,,,,,Hals2,56.985826,10.31077
4/28/2018 11:52,VR2W-108768,A69-1303-4125,,,,,Hals2,56.985826,10.31077
4/28/2018 11:58,VR2W-108768,A69-1303-4125,,,,,Hals2,56.985826,10.31077
4/28/2018 12:01,VR2W-108768,A69-1303-4125,,,,,Hals2,56.985826,10.31077
4/28/2018 12:03,VR2W-108768,A69-1303-4125,,,,,Hals2,56.985826,10.31077
4/28/2018 12:04,VR2W-108768,A69-1303-4125,,,,,Hals2,56.985826,10.31077
4/28/2018 12:05,VR2W-108768,A69-1303-4125,,,,,Hals2,56.985826,10.31077
4/28/2018 12:06,VR2W-108768,A69-1303-4125,,,,,Hals2,56.985826,10.31077
4/28/2018 12:08,VR2W-125452,A69-1303-4125,,,,,Hals1,56.989474,10.310159
4/28/2018 12:10,VR2W-125452,A69-1303-4125,,,,,Hals1,56.989474,10.310159
8/23/2018 10:16,VR2W-125452,A69-1303-4125,,,,,Hals1,56.989474,10.310159
8/23/2018 10:18,VR2W-125452,A69-1303-4125,,,,,Hals1,56.989474,10.310159
8/23/2018 10:19,VR2W-125452,A69-1303-4125,,,,,Hals1,56.989474,10.310159
8/23/2018 10:20,VR2W-125452,A69-1303-4125,,,,,Hals1,56.989474,10.310159
8/23/2018 10:21,VR2W-125452,A69-1303-4125,,,,,Hals1,56.989474,10.310159
8/23/2018 10:22,VR2W-125452,A69-1303-4125,,,,,Hals1,56.989474,10.310159
8/23/2018 10:23,VR2W-125452,A69-1303-4125,,,,,Hals1,56.989474,10.310159
8/23/2018 10:24,VR2W-125452,A69-1303-4125,,,,,Hals1,56.989474,10.310159
8/24/2018 9:02,VR2W-125447,A69-1303-4125,,,,,15 Aalborg,57.054076,9.91539
8/24/2018 9:03,VR2W-125447,A69-1303-4125,,,,,15 Aalborg,57.054076,9.91539
8/24/2018 9:07,VR2W-108766,A69-1303-4125,,,,,16 Aalborg,57.055955,9.921725
8/24/2018 9:10,VR2W-108766,A69-1303-4125,,,,,16 Aalborg,57.055955,9.921725
8/25/2018 11:37,VR2W-125886,A69-1303-4125,,,,,Aggersund,57.000027,9.292732
8/25/2018 11:38,VR2W-125886,A69-1303-4125,,,,,Aggersund,57.000027,9.292732
8/25/2018 11:39,VR2W-125886,A69-1303-4125,,,,,Aggersund,57.000027,9.292732
8/25/2018 11:44,VR2W-125886,A69-1303-4125,,,,,Aggersund,57.000027,9.292732
8/25/2018 11:45,VR2W-125886,A69-1303-4125,,,,,Aggersund,57.000027,9.292732
8/25/2018 11:46,VR2W-125886,A69-1303-4125,,,,,Aggersund,57.000027,9.292732
8/25/2018 11:47,VR2W-125886,A69-1303-4125,,,,,Aggersund,57.000027,9.292732
8/25/2018 11:48,VR2W-125886,A69-1303-4125,,,,,Aggersund,57.000027,9.292732
8/25/2018 11:49,VR2W-125886,A69-1303-4125,,,,,Aggersund,57.000027,9.292732
8/25/2018 11:50,VR2W-125886,A69-1303-4125,,,,,Aggersund,57.000027,9.292732
8/25/2018 11:55,VR2W-125886,A69-1303-4125,,,,,Aggersund,57.000027,9.292732
8/25/2018 12:12,VR2W-125886,A69-1303-4125,,,,,Aggersund,57.000027,9.292732
8/25/2018 12:19,VR2W-125886,A69-1303-4125,,,,,Aggersund,57.000027,9.292732
8/25/2018 12:21,VR2W-125886,A69-1303-4125,,,,,Aggersund,57.000027,9.292732
8/25/2018 12:30,VR2W-125886,A69-1303-4125,,,,,Aggersund,57.000027,9.292732
8/25/2018 12:31,VR2W-125886,A69-1303-4125,,,,,Aggersund,57.000027,9.292732
8/25/2018 12:33,VR2W-125886,A69-1303-4125,,,,,Aggersund,57.000027,9.292732
8/25/2018 13:04,VR2W-125886,A69-1303-4125,,,,,Aggersund,57.000027,9.292732
8/25/2018 13:06,VR2W-125886,A69-1303-4125,,,,,Aggersund,57.000027,9.292732
8/25/2018 13:07,VR2W-125886,A69-1303-4125,,,,,Aggersund,57.000027,9.292732
8/25/2018 13:08,VR2W-125886,A69-1303-4125,,,,,Aggersund,57.000027,9.292732
8/27/2018 6:44,VR2W-131092,A69-1303-4125,,,,,Sundstrup2,56.608186,9.291788
8/27/2018 7:07,VR2W-131090,A69-1303-4125,,,,,Sundstrup1,56.605311,9.292661
8/27/2018 7:09,VR2W-131090,A69-1303-4125,,,,,Sundstrup1,56.605311,9.292661
8/27/2018 7:10,VR2W-131090,A69-1303-4125,,,,,Sundstrup1,56.605311,9.292661
8/27/2018 7:41,VR2W-131092,A69-1303-4125,,,,,Sundstrup2,56.608186,9.291788
8/27/2018 7:44,VR2W-131092,A69-1303-4125,,,,,Sundstrup2,56.608186,9.291788
8/27/2018 7:59,VR2W-131092,A69-1303-4125,,,,,Sundstrup2,56.608186,9.291788
8/27/2018 8:25,VR2W-131090,A69-1303-4125,,,,,Sundstrup1,56.605311,9.292661
8/27/2018 9:53,VR2W-131092,A69-1303-4125,,,,,Sundstrup2,56.608186,9.291788
8/27/2018 10:42,VR2W-131092,A69-1303-4125,,,,,Sundstrup2,56.608186,9.291788
8/27/2018 10:44,VR2W-131092,A69-1303-4125,,,,,Sundstrup2,56.608186,9.291788
8/27/2018 10:57,VR2W-131092,A69-1303-4125,,,,,Sundstrup2,56.608186,9.291788
8/27/2018 11:07,VR2W-131092,A69-1303-4125,,,,,Sundstrup2,56.608186,9.291788
8/27/2018 11:09,VR2W-131092,A69-1303-4125,,,,,Sundstrup2,56.608186,9.291788
8/27/2018 11:11,VR2W-131092,A69-1303-4125,,,,,Sundstrup2,56.608186,9.291788
8/27/2018 11:43,VR2W-131090,A69-1303-4125,,,,,Sundstrup1,56.605311,9.292661
8/27/2018 12:14,VR2W-131090,A69-1303-4125,,,,,Sundstrup1,56.605311,9.292661
8/27/2018 12:40,VR2W-131090,A69-1303-4125,,,,,Sundstrup1,56.605311,9.292661
8/27/2018 12:58,VR2W-131090,A69-1303-4125,,,,,Sundstrup1,56.605311,9.292661
8/27/2018 13:03,VR2W-131090,A69-1303-4125,,,,,Sundstrup1,56.605311,9.292661
8/27/2018 13:09,VR2W-131092,A69-1303-4125,,,,,Sundstrup2,56.608186,9.291788
8/27/2018 13:10,VR2W-131092,A69-1303-4125,,,,,Sundstrup2,56.608186,9.291788
8/27/2018 13:22,VR2W-131090,A69-1303-4125,,,,,Sundstrup1,56.605311,9.292661
8/27/2018 13:28,VR2W-131092,A69-1303-4125,,,,,Sundstrup2,56.608186,9.291788
8/27/2018 13:38,VR2W-131090,A69-1303-4125,,,,,Sundstrup1,56.605311,9.292661
8/28/2018 14:29,VR2W-131092,A69-1303-4125,,,,,Sundstrup2,56.608186,9.291788
8/30/2018 15:26,VR2W-131092,A69-1303-4125,,,,,Sundstrup2,56.608186,9.291788
8/30/2018 15:29,VR2W-131092,A69-1303-4125,,,,,Sundstrup2,56.608186,9.291788
8/30/2018 15:34,VR2W-131092,A69-1303-4125,,,,,Sundstrup2,56.608186,9.291788
8/30/2018 15:35,VR2W-131092,A69-1303-4125,,,,,Sundstrup2,56.608186,9.291788
8/30/2018 15:40,VR2W-131090,A69-1303-4125,,,,,Sundstrup1,56.605311,9.292661
8/30/2018 15:49,VR2W-131092,A69-1303-4125,,,,,Sundstrup2,56.608186,9.291788
8/30/2018 15:51,VR2W-131092,A69-1303-4125,,,,,Sundstrup2,56.608186,9.291788
8/30/2018 15:51,VR2W-131092,A69-1303-4125,,,,,Sundstrup2,56.608186,9.291788
8/30/2018 15:54,VR2W-131092,A69-1303-4125,,,,,Sundstrup2,56.608186,9.291788
8/30/2018 15:55,VR2W-131092,A69-1303-4125,,,,,Sundstrup2,56.608186,9.291788
8/31/2018 9:04,VR2W-131092,A69-1303-4125,,,,,Sundstrup2,56.608186,9.291788
8/31/2018 9:08,VR2W-131092,A69-1303-4125,,,,,Sundstrup2,56.608186,9.291788
8/31/2018 9:09,VR2W-131092,A69-1303-4125,,,,,Sundstrup2,56.608186,9.291788
8/31/2018 9:10,VR2W-131092,A69-1303-4125,,,,,Sundstrup2,56.608186,9.291788
8/31/2018 9:18,VR2W-131092,A69-1303-4125,,,,,Sundstrup2,56.608186,9.291788
8/31/2018 9:40,VR2W-131092,A69-1303-4125,,,,,Sundstrup2,56.608186,9.291788
8/31/2018 9:42,VR2W-131092,A69-1303-4125,,,,,Sundstrup2,56.608186,9.291788
8/31/2018 9:47,VR2W-131092,A69-1303-4125,,,,,Sundstrup2,56.608186,9.291788
8/31/2018 9:51,VR2W-131092,A69-1303-4125,,,,,Sundstrup2,56.608186,9.291788
8/31/2018 9:54,VR2W-131092,A69-1303-4125,,,,,Sundstrup2,56.608186,9.291788
8/31/2018 9:55,VR2W-131092,A69-1303-4125,,,,,Sundstrup2,56.608186,9.291788
8/31/2018 9:56,VR2W-131092,A69-1303-4125,,,,,Sundstrup2,56.608186,9.291788
8/31/2018 9:57,VR2W-131092,A69-1303-4125,,,,,Sundstrup2,56.608186,9.291788
8/31/2018 10:03,VR2W-131092,A69-1303-4125,,,,,Sundstrup2,56.608186,9.291788
8/31/2018 10:04,VR2W-131092,A69-1303-4125,,,,,Sundstrup2,56.608186,9.291788
8/31/2018 10:43,VR2W-131092,A69-1303-4125,,,,,Sundstrup2,56.608186,9.291788
8/31/2018 12:32,VR2W-131092,A69-1303-4125,,,,,Sundstrup2,56.608186,9.291788
8/31/2018 12:33,VR2W-131092,A69-1303-4125,,,,,Sundstrup2,56.608186,9.291788
8/31/2018 12:35,VR2W-131092,A69-1303-4125,,,,,Sundstrup2,56.608186,9.291788
8/31/2018 12:59,VR2W-131092,A69-1303-4125,,,,,Sundstrup2,56.608186,9.291788
8/31/2018 13:08,VR2W-131092,A69-1303-4125,,,,,Sundstrup2,56.608186,9.291788
8/31/2018 13:43,VR2W-131092,A69-1303-4125,,,,,Sundstrup2,56.608186,9.291788
4/4/2018 8:42,VR2W-125449,A69-1303-4128,,,,,Simested,56.571595,9.380188
4/13/2018 7:44,VR2W-131092,A69-1303-4128,,,,,Sundstrup2,56.608186,9.291788
4/13/2018 7:45,VR2W-131092,A69-1303-4128,,,,,Sundstrup2,56.608186,9.291788
4/13/2018 7:46,VR2W-131092,A69-1303-4128,,,,,Sundstrup2,56.608186,9.291788
4/13/2018 7:49,VR2W-131090,A69-1303-4128,,,,,Sundstrup1,56.605311,9.292661
4/13/2018 7:49,VR2W-131090,A69-1303-4128,,,,,Sundstrup1,56.605311,9.292661
4/13/2018 7:51,VR2W-131090,A69-1303-4128,,,,,Sundstrup1,56.605311,9.292661
4/13/2018 7:55,VR2W-131092,A69-1303-4128,,,,,Sundstrup2,56.608186,9.291788
4/13/2018 7:58,VR2W-131092,A69-1303-4128,,,,,Sundstrup2,56.608186,9.291788
4/13/2018 8:07,VR2W-131090,A69-1303-4128,,,,,Sundstrup1,56.605311,9.292661
4/13/2018 8:09,VR2W-131092,A69-1303-4128,,,,,Sundstrup2,56.608186,9.291788
4/13/2018 8:09,VR2W-131090,A69-1303-4128,,,,,Sundstrup1,56.605311,9.292661
4/13/2018 8:10,VR2W-131090,A69-1303-4128,,,,,Sundstrup1,56.605311,9.292661
4/13/2018 8:10,VR2W-131090,A69-1303-4128,,,,,Sundstrup1,56.605311,9.292661
4/13/2018 8:12,VR2W-131090,A69-1303-4128,,,,,Sundstrup1,56.605311,9.292661
4/13/2018 8:14,VR2W-131090,A69-1303-4128,,,,,Sundstrup1,56.605311,9.292661
4/13/2018 8:15,VR2W-131092,A69-1303-4128,,,,,Sundstrup2,56.608186,9.291788
4/20/2018 18:00,VR2W-125886,A69-1303-4128,,,,,Aggersund,57.000027,9.292732
4/20/2018 18:01,VR2W-125886,A69-1303-4128,,,,,Aggersund,57.000027,9.292732
4/20/2018 18:02,VR2W-125886,A69-1303-4128,,,,,Aggersund,57.000027,9.292732
4/20/2018 18:03,VR2W-125886,A69-1303-4128,,,,,Aggersund,57.000027,9.292732
4/20/2018 18:04,VR2W-125886,A69-1303-4128,,,,,Aggersund,57.000027,9.292732
4/20/2018 18:08,VR2W-125886,A69-1303-4128,,,,,Aggersund,57.000027,9.292732
4/20/2018 18:08,VR2W-125886,A69-1303-4128,,,,,Aggersund,57.000027,9.292732
4/20/2018 18:11,VR2W-125886,A69-1303-4128,,,,,Aggersund,57.000027,9.292732
4/20/2018 18:12,VR2W-125886,A69-1303-4128,,,,,Aggersund,57.000027,9.292732
4/28/2018 14:29,VR2W-125447,A69-1303-4128,,,,,15 Aalborg,57.054076,9.91539
4/28/2018 14:33,VR2W-125447,A69-1303-4128,,,,,15 Aalborg,57.054076,9.91539
4/28/2018 14:35,VR2W-125447,A69-1303-4128,,,,,15 Aalborg,57.054076,9.91539
4/28/2018 14:36,VR2W-125447,A69-1303-4128,,,,,15 Aalborg,57.054076,9.91539
4/28/2018 14:38,VR2W-125447,A69-1303-4128,,,,,15 Aalborg,57.054076,9.91539
4/28/2018 14:39,VR2W-108766,A69-1303-4128,,,,,16 Aalborg,57.055955,9.921725
4/28/2018 14:39,VR2W-125447,A69-1303-4128,,,,,15 Aalborg,57.054076,9.91539
4/28/2018 14:40,VR2W-125447,A69-1303-4128,,,,,15 Aalborg,57.054076,9.91539
4/28/2018 14:44,VR2W-108766,A69-1303-4128,,,,,16 Aalborg,57.055955,9.921725
4/28/2018 14:47,VR2W-108766,A69-1303-4128,,,,,16 Aalborg,57.055955,9.921725
4/28/2018 14:49,VR2W-108766,A69-1303-4128,,,,,16 Aalborg,57.055955,9.921725
4/28/2018 14:51,VR2W-108766,A69-1303-4128,,,,,16 Aalborg,57.055955,9.921725
4/29/2018 13:10,VR2W-108768,A69-1303-4128,,,,,Hals2,56.985826,10.31077
4/29/2018 13:14,VR2W-108768,A69-1303-4128,,,,,Hals2,56.985826,10.31077
4/29/2018 13:15,VR2W-108768,A69-1303-4128,,,,,Hals2,56.985826,10.31077
4/29/2018 13:16,VR2W-108768,A69-1303-4128,,,,,Hals2,56.985826,10.31077
4/29/2018 13:16,VR2W-108768,A69-1303-4128,,,,,Hals2,56.985826,10.31077
4/29/2018 13:18,VR2W-108768,A69-1303-4128,,,,,Hals2,56.985826,10.31077
4/29/2018 13:18,VR2W-125452,A69-1303-4128,,,,,Hals1,56.989474,10.310159
4/29/2018 13:19,VR2W-108768,A69-1303-4128,,,,,Hals2,56.985826,10.31077
4/29/2018 13:20,VR2W-108768,A69-1303-4128,,,,,Hals2,56.985826,10.31077
4/29/2018 13:20,VR2W-125452,A69-1303-4128,,,,,Hals1,56.989474,10.310159
4/29/2018 13:20,VR2W-108768,A69-1303-4128,,,,,Hals2,56.985826,10.31077
4/29/2018 13:21,VR2W-125452,A69-1303-4128,,,,,Hals1,56.989474,10.310159
4/29/2018 13:22,VR2W-125452,A69-1303-4128,,,,,Hals1,56.989474,10.310159
4/29/2018 13:22,VR2W-108768,A69-1303-4128,,,,,Hals2,56.985826,10.31077
4/29/2018 13:23,VR2W-125452,A69-1303-4128,,,,,Hals1,56.989474,10.310159
4/29/2018 13:23,VR2W-108768,A69-1303-4128,,,,,Hals2,56.985826,10.31077
4/29/2018 13:25,VR2W-125452,A69-1303-4128,,,,,Hals1,56.989474,10.310159
7/3/2018 3:29,VR2W-108768,A69-1303-4128,,,,,Hals2,56.985826,10.31077
7/3/2018 3:34,VR2W-108768,A69-1303-4128,,,,,Hals2,56.985826,10.31077
7/3/2018 3:34,VR2W-108768,A69-1303-4128,,,,,Hals2,56.985826,10.31077
7/3/2018 3:37,VR2W-108768,A69-1303-4128,,,,,Hals2,56.985826,10.31077
7/3/2018 3:38,VR2W-108768,A69-1303-4128,,,,,Hals2,56.985826,10.31077
7/3/2018 3:42,VR2W-125452,A69-1303-4128,,,,,Hals1,56.989474,10.310159
7/3/2018 13:44,VR2W-125447,A69-1303-4128,,,,,15 Aalborg,57.054076,9.91539
7/3/2018 13:45,VR2W-125447,A69-1303-4128,,,,,15 Aalborg,57.054076,9.91539
7/3/2018 13:46,VR2W-125447,A69-1303-4128,,,,,15 Aalborg,57.054076,9.91539
7/3/2018 13:46,VR2W-125447,A69-1303-4128,,,,,15 Aalborg,57.054076,9.91539
7/3/2018 17:31,VR2W-125447,A69-1303-4128,,,,,15 Aalborg,57.054076,9.91539
7/3/2018 17:35,VR2W-125447,A69-1303-4128,,,,,15 Aalborg,57.054076,9.91539
7/3/2018 17:58,VR2W-108766,A69-1303-4128,,,,,16 Aalborg,57.055955,9.921725
7/3/2018 17:59,VR2W-125447,A69-1303-4128,,,,,15 Aalborg,57.054076,9.91539
7/3/2018 18:01,VR2W-125447,A69-1303-4128,,,,,15 Aalborg,57.054076,9.91539
7/3/2018 18:06,VR2W-108766,A69-1303-4128,,,,,16 Aalborg,57.055955,9.921725
7/4/2018 0:06,VR2W-108766,A69-1303-4128,,,,,16 Aalborg,57.055955,9.921725
7/4/2018 0:26,VR2W-108766,A69-1303-4128,,,,,16 Aalborg,57.055955,9.921725
7/4/2018 0:32,VR2W-108766,A69-1303-4128,,,,,16 Aalborg,57.055955,9.921725
7/4/2018 0:34,VR2W-108766,A69-1303-4128,,,,,16 Aalborg,57.055955,9.921725
7/4/2018 0:34,VR2W-125447,A69-1303-4128,,,,,15 Aalborg,57.054076,9.91539
7/4/2018 0:37,VR2W-125447,A69-1303-4128,,,,,15 Aalborg,57.054076,9.91539
7/4/2018 0:37,VR2W-125447,A69-1303-4128,,,,,15 Aalborg,57.054076,9.91539
7/4/2018 0:38,VR2W-125447,A69-1303-4128,,,,,15 Aalborg,57.054076,9.91539
7/4/2018 0:39,VR2W-125447,A69-1303-4128,,,,,15 Aalborg,57.054076,9.91539
7/4/2018 0:40,VR2W-125447,A69-1303-4128,,,,,15 Aalborg,57.054076,9.91539
7/4/2018 0:41,VR2W-125447,A69-1303-4128,,,,,15 Aalborg,57.054076,9.91539
7/4/2018 0:42,VR2W-125447,A69-1303-4128,,,,,15 Aalborg,57.054076,9.91539
7/4/2018 0:43,VR2W-125447,A69-1303-4128,,,,,15 Aalborg,57.054076,9.91539
7/4/2018 0:44,VR2W-125447,A69-1303-4128,,,,,15 Aalborg,57.054076,9.91539
7/4/2018 0:45,VR2W-125447,A69-1303-4128,,,,,15 Aalborg,57.054076,9.91539
7/5/2018 11:05,VR2W-125886,A69-1303-4128,,,,,Aggersund,57.000027,9.292732
7/5/2018 11:12,VR2W-125886,A69-1303-4128,,,,,Aggersund,57.000027,9.292732
7/5/2018 11:15,VR2W-125886,A69-1303-4128,,,,,Aggersund,57.000027,9.292732
7/5/2018 11:16,VR2W-125886,A69-1303-4128,,,,,Aggersund,57.000027,9.292732
7/5/2018 11:17,VR2W-125886,A69-1303-4128,,,,,Aggersund,57.000027,9.292732
7/5/2018 11:20,VR2W-125886,A69-1303-4128,,,,,Aggersund,57.000027,9.292732
7/5/2018 11:23,VR2W-125886,A69-1303-4128,,,,,Aggersund,57.000027,9.292732
7/5/2018 11:24,VR2W-125886,A69-1303-4128,,,,,Aggersund,57.000027,9.292732
7/5/2018 11:25,VR2W-125886,A69-1303-4128,,,,,Aggersund,57.000027,9.292732
7/5/2018 11:27,VR2W-125886,A69-1303-4128,,,,,Aggersund,57.000027,9.292732
7/5/2018 11:28,VR2W-125886,A69-1303-4128,,,,,Aggersund,57.000027,9.292732
7/5/2018 11:29,VR2W-125886,A69-1303-4128,,,,,Aggersund,57.000027,9.292732
7/8/2018 3:01,VR2W-131092,A69-1303-4128,,,,,Sundstrup2,56.608186,9.291788
7/8/2018 3:04,VR2W-131090,A69-1303-4128,,,,,Sundstrup1,56.605311,9.292661
7/8/2018 3:05,VR2W-131090,A69-1303-4128,,,,,Sundstrup1,56.605311,9.292661
7/8/2018 3:07,VR2W-131090,A69-1303-4128,,,,,Sundstrup1,56.605311,9.292661
7/8/2018 3:11,VR2W-131090,A69-1303-4128,,,,,Sundstrup1,56.605311,9.292661
7/8/2018 3:11,VR2W-131092,A69-1303-4128,,,,,Sundstrup2,56.608186,9.291788
7/8/2018 3:12,VR2W-131090,A69-1303-4128,,,,,Sundstrup1,56.605311,9.292661
7/8/2018 3:20,VR2W-131090,A69-1303-4128,,,,,Sundstrup1,56.605311,9.292661
7/8/2018 3:42,VR2W-131092,A69-1303-4128,,,,,Sundstrup2,56.608186,9.291788
7/8/2018 3:47,VR2W-131092,A69-1303-4128,,,,,Sundstrup2,56.608186,9.291788
7/8/2018 3:50,VR2W-131090,A69-1303-4128,,,,,Sundstrup1,56.605311,9.292661
7/8/2018 3:51,VR2W-131092,A69-1303-4128,,,,,Sundstrup2,56.608186,9.291788
7/8/2018 3:53,VR2W-131090,A69-1303-4128,,,,,Sundstrup1,56.605311,9.292661
7/8/2018 3:54,VR2W-131092,A69-1303-4128,,,,,Sundstrup2,56.608186,9.291788
7/8/2018 3:55,VR2W-131092,A69-1303-4128,,,,,Sundstrup2,56.608186,9.291788
7/8/2018 3:59,VR2W-131090,A69-1303-4128,,,,,Sundstrup1,56.605311,9.292661
7/8/2018 4:00,VR2W-131092,A69-1303-4128,,,,,Sundstrup2,56.608186,9.291788
7/8/2018 4:02,VR2W-131090,A69-1303-4128,,,,,Sundstrup1,56.605311,9.292661
7/8/2018 4:06,VR2W-131090,A69-1303-4128,,,,,Sundstrup1,56.605311,9.292661
7/8/2018 4:07,VR2W-131090,A69-1303-4128,,,,,Sundstrup1,56.605311,9.292661
7/8/2018 4:09,VR2W-131090,A69-1303-4128,,,,,Sundstrup1,56.605311,9.292661
7/8/2018 4:09,VR2W-131090,A69-1303-4128,,,,,Sundstrup1,56.605311,9.292661
7/8/2018 4:10,VR2W-131090,A69-1303-4128,,,,,Sundstrup1,56.605311,9.292661
7/8/2018 4:12,VR2W-131090,A69-1303-4128,,,,,Sundstrup1,56.605311,9.292661
7/8/2018 4:19,VR2W-131090,A69-1303-4128,,,,,Sundstrup1,56.605311,9.292661
7/8/2018 4:19,VR2W-131092,A69-1303-4128,,,,,Sundstrup2,56.608186,9.291788
7/8/2018 4:20,VR2W-131090,A69-1303-4128,,,,,Sundstrup1,56.605311,9.292661
7/8/2018 4:24,VR2W-131090,A69-1303-4128,,,,,Sundstrup1,56.605311,9.292661
7/8/2018 4:26,VR2W-131090,A69-1303-4128,,,,,Sundstrup1,56.605311,9.292661
7/8/2018 4:27,VR2W-131090,A69-1303-4128,,,,,Sundstrup1,56.605311,9.292661
7/8/2018 4:27,VR2W-131092,A69-1303-4128,,,,,Sundstrup2,56.608186,9.291788
7/8/2018 4:28,VR2W-131090,A69-1303-4128,,,,,Sundstrup1,56.605311,9.292661
7/8/2018 4:29,VR2W-131092,A69-1303-4128,,,,,Sundstrup2,56.608186,9.291788
7/8/2018 4:29,VR2W-131090,A69-1303-4128,,,,,Sundstrup1,56.605311,9.292661
7/8/2018 4:30,VR2W-131090,A69-1303-4128,,,,,Sundstrup1,56.605311,9.292661
7/8/2018 4:34,VR2W-131092,A69-1303-4128,,,,,Sundstrup2,56.608186,9.291788
7/8/2018 4:34,VR2W-131090,A69-1303-4128,,,,,Sundstrup1,56.605311,9.292661
7/8/2018 4:35,VR2W-131090,A69-1303-4128,,,,,Sundstrup1,56.605311,9.292661
7/8/2018 4:36,VR2W-131092,A69-1303-4128,,,,,Sundstrup2,56.608186,9.291788
7/8/2018 4:37,VR2W-131092,A69-1303-4128,,,,,Sundstrup2,56.608186,9.291788
7/8/2018 4:38,VR2W-131090,A69-1303-4128,,,,,Sundstrup1,56.605311,9.292661
7/8/2018 4:43,VR2W-131090,A69-1303-4128,,,,,Sundstrup1,56.605311,9.292661
7/8/2018 4:44,VR2W-131090,A69-1303-4128,,,,,Sundstrup1,56.605311,9.292661
7/8/2018 4:45,VR2W-131090,A69-1303-4128,,,,,Sundstrup1,56.605311,9.292661
7/8/2018 4:46,VR2W-131092,A69-1303-4128,,,,,Sundstrup2,56.608186,9.291788
7/8/2018 4:47,VR2W-131092,A69-1303-4128,,,,,Sundstrup2,56.608186,9.291788
7/8/2018 4:48,VR2W-131090,A69-1303-4128,,,,,Sundstrup1,56.605311,9.292661
7/8/2018 4:49,VR2W-131090,A69-1303-4128,,,,,Sundstrup1,56.605311,9.292661
7/8/2018 4:52,VR2W-131092,A69-1303-4128,,,,,Sundstrup2,56.608186,9.291788
7/8/2018 4:54,VR2W-131090,A69-1303-4128,,,,,Sundstrup1,56.605311,9.292661
7/8/2018 4:57,VR2W-131090,A69-1303-4128,,,,,Sundstrup1,56.605311,9.292661
7/8/2018 4:58,VR2W-131090,A69-1303-4128,,,,,Sundstrup1,56.605311,9.292661
7/8/2018 5:00,VR2W-131090,A69-1303-4128,,,,,Sundstrup1,56.605311,9.292661
7/8/2018 5:00,VR2W-131090,A69-1303-4128,,,,,Sundstrup1,56.605311,9.292661
7/8/2018 5:01,VR2W-131090,A69-1303-4128,,,,,Sundstrup1,56.605311,9.292661
7/8/2018 5:02,VR2W-131090,A69-1303-4128,,,,,Sundstrup1,56.605311,9.292661
7/8/2018 5:03,VR2W-131092,A69-1303-4128,,,,,Sundstrup2,56.608186,9.291788
7/8/2018 5:03,VR2W-131092,A69-1303-4128,,,,,Sundstrup2,56.608186,9.291788
7/8/2018 5:04,VR2W-131090,A69-1303-4128,,,,,Sundstrup1,56.605311,9.292661
7/8/2018 5:04,VR2W-131090,A69-1303-4128,,,,,Sundstrup1,56.605311,9.292661
7/8/2018 5:05,VR2W-131090,A69-1303-4128,,,,,Sundstrup1,56.605311,9.292661
7/8/2018 5:06,VR2W-131090,A69-1303-4128,,,,,Sundstrup1,56.605311,9.292661
7/8/2018 5:07,VR2W-131090,A69-1303-4128,,,,,Sundstrup1,56.605311,9.292661
7/8/2018 5:09,VR2W-131090,A69-1303-4128,,,,,Sundstrup1,56.605311,9.292661
7/8/2018 5:09,VR2W-131090,A69-1303-4128,,,,,Sundstrup1,56.605311,9.292661
7/8/2018 5:10,VR2W-131092,A69-1303-4128,,,,,Sundstrup2,56.608186,9.291788
7/8/2018 5:11,VR2W-131090,A69-1303-4128,,,,,Sundstrup1,56.605311,9.292661
7/8/2018 5:12,VR2W-131090,A69-1303-4128,,,,,Sundstrup1,56.605311,9.292661
7/8/2018 5:13,VR2W-131090,A69-1303-4128,,,,,Sundstrup1,56.605311,9.292661
7/8/2018 5:14,VR2W-131090,A69-1303-4128,,,,,Sundstrup1,56.605311,9.292661
7/8/2018 5:15,VR2W-131090,A69-1303-4128,,,,,Sundstrup1,56.605311,9.292661
7/8/2018 5:15,VR2W-131092,A69-1303-4128,,,,,Sundstrup2,56.608186,9.291788
7/8/2018 5:16,VR2W-131090,A69-1303-4128,,,,,Sundstrup1,56.605311,9.292661
7/8/2018 5:18,VR2W-131090,A69-1303-4128,,,,,Sundstrup1,56.605311,9.292661
7/8/2018 5:21,VR2W-131090,A69-1303-4128,,,,,Sundstrup1,56.605311,9.292661
7/8/2018 5:22,VR2W-131090,A69-1303-4128,,,,,Sundstrup1,56.605311,9.292661
7/8/2018 5:23,VR2W-131092,A69-1303-4128,,,,,Sundstrup2,56.608186,9.291788
7/8/2018 5:25,VR2W-131092,A69-1303-4128,,,,,Sundstrup2,56.608186,9.291788
7/8/2018 5:25,VR2W-131090,A69-1303-4128,,,,,Sundstrup1,56.605311,9.292661
7/8/2018 5:26,VR2W-131090,A69-1303-4128,,,,,Sundstrup1,56.605311,9.292661
7/8/2018 5:27,VR2W-131090,A69-1303-4128,,,,,Sundstrup1,56.605311,9.292661
7/8/2018 5:30,VR2W-131090,A69-1303-4128,,,,,Sundstrup1,56.605311,9.292661
7/8/2018 5:32,VR2W-131092,A69-1303-4128,,,,,Sundstrup2,56.608186,9.291788
7/8/2018 5:33,VR2W-131092,A69-1303-4128,,,,,Sundstrup2,56.608186,9.291788
7/8/2018 5:34,VR2W-131090,A69-1303-4128,,,,,Sundstrup1,56.605311,9.292661
7/8/2018 5:35,VR2W-131090,A69-1303-4128,,,,,Sundstrup1,56.605311,9.292661
7/8/2018 5:36,VR2W-131090,A69-1303-4128,,,,,Sundstrup1,56.605311,9.292661
7/8/2018 5:36,VR2W-131090,A69-1303-4128,,,,,Sundstrup1,56.605311,9.292661
7/8/2018 5:43,VR2W-131092,A69-1303-4128,,,,,Sundstrup2,56.608186,9.291788
7/8/2018 5:44,VR2W-131090,A69-1303-4128,,,,,Sundstrup1,56.605311,9.292661
7/8/2018 5:45,VR2W-131090,A69-1303-4128,,,,,Sundstrup1,56.605311,9.292661
7/8/2018 5:46,VR2W-131090,A69-1303-4128,,,,,Sundstrup1,56.605311,9.292661
7/8/2018 5:48,VR2W-131090,A69-1303-4128,,,,,Sundstrup1,56.605311,9.292661
7/8/2018 5:48,VR2W-131092,A69-1303-4128,,,,,Sundstrup2,56.608186,9.291788
7/8/2018 5:49,VR2W-131090,A69-1303-4128,,,,,Sundstrup1,56.605311,9.292661
7/8/2018 5:51,VR2W-131090,A69-1303-4128,,,,,Sundstrup1,56.605311,9.292661
7/8/2018 5:54,VR2W-131092,A69-1303-4128,,,,,Sundstrup2,56.608186,9.291788
7/8/2018 5:54,VR2W-131090,A69-1303-4128,,,,,Sundstrup1,56.605311,9.292661
7/8/2018 5:55,VR2W-131090,A69-1303-4128,,,,,Sundstrup1,56.605311,9.292661
7/8/2018 5:56,VR2W-131090,A69-1303-4128,,,,,Sundstrup1,56.605311,9.292661
7/8/2018 5:57,VR2W-131092,A69-1303-4128,,,,,Sundstrup2,56.608186,9.291788
7/8/2018 5:57,VR2W-131090,A69-1303-4128,,,,,Sundstrup1,56.605311,9.292661
7/8/2018 6:00,VR2W-131092,A69-1303-4128,,,,,Sundstrup2,56.608186,9.291788
7/8/2018 6:00,VR2W-131090,A69-1303-4128,,,,,Sundstrup1,56.605311,9.292661
7/8/2018 6:01,VR2W-131090,A69-1303-4128,,,,,Sundstrup1,56.605311,9.292661
7/8/2018 6:02,VR2W-131092,A69-1303-4128,,,,,Sundstrup2,56.608186,9.291788
7/8/2018 6:02,VR2W-131090,A69-1303-4128,,,,,Sundstrup1,56.605311,9.292661
7/8/2018 6:02,VR2W-131090,A69-1303-4128,,,,,Sundstrup1,56.605311,9.292661
7/8/2018 6:03,VR2W-131090,A69-1303-4128,,,,,Sundstrup1,56.605311,9.292661
7/8/2018 6:04,VR2W-131092,A69-1303-4128,,,,,Sundstrup2,56.608186,9.291788
7/8/2018 6:05,VR2W-131090,A69-1303-4128,,,,,Sundstrup1,56.605311,9.292661
7/8/2018 6:07,VR2W-131090,A69-1303-4128,,,,,Sundstrup1,56.605311,9.292661
7/8/2018 6:08,VR2W-131090,A69-1303-4128,,,,,Sundstrup1,56.605311,9.292661
7/8/2018 6:10,VR2W-131090,A69-1303-4128,,,,,Sundstrup1,56.605311,9.292661
7/8/2018 6:11,VR2W-131090,A69-1303-4128,,,,,Sundstrup1,56.605311,9.292661
7/8/2018 6:12,VR2W-131090,A69-1303-4128,,,,,Sundstrup1,56.605311,9.292661
7/8/2018 6:13,VR2W-131090,A69-1303-4128,,,,,Sundstrup1,56.605311,9.292661
7/8/2018 6:14,VR2W-131090,A69-1303-4128,,,,,Sundstrup1,56.605311,9.292661
7/8/2018 6:16,VR2W-131090,A69-1303-4128,,,,,Sundstrup1,56.605311,9.292661
7/8/2018 6:17,VR2W-131090,A69-1303-4128,,,,,Sundstrup1,56.605311,9.292661
7/8/2018 6:20,VR2W-131090,A69-1303-4128,,,,,Sundstrup1,56.605311,9.292661
7/8/2018 6:22,VR2W-131090,A69-1303-4128,,,,,Sundstrup1,56.605311,9.292661
7/8/2018 6:26,VR2W-131090,A69-1303-4128,,,,,Sundstrup1,56.605311,9.292661
7/8/2018 6:28,VR2W-131090,A69-1303-4128,,,,,Sundstrup1,56.605311,9.292661
7/8/2018 6:30,VR2W-131090,A69-1303-4128,,,,,Sundstrup1,56.605311,9.292661
7/8/2018 6:32,VR2W-131090,A69-1303-4128,,,,,Sundstrup1,56.605311,9.292661
7/8/2018 6:32,VR2W-131092,A69-1303-4128,,,,,Sundstrup2,56.608186,9.291788
7/8/2018 6:35,VR2W-131092,A69-1303-4128,,,,,Sundstrup2,56.608186,9.291788
7/8/2018 6:42,VR2W-131090,A69-1303-4128,,,,,Sundstrup1,56.605311,9.292661
7/8/2018 6:43,VR2W-131090,A69-1303-4128,,,,,Sundstrup1,56.605311,9.292661
7/8/2018 6:44,VR2W-131090,A69-1303-4128,,,,,Sundstrup1,56.605311,9.292661
7/8/2018 6:46,VR2W-131090,A69-1303-4128,,,,,Sundstrup1,56.605311,9.292661
7/8/2018 6:53,VR2W-131090,A69-1303-4128,,,,,Sundstrup1,56.605311,9.292661
7/8/2018 6:54,VR2W-131092,A69-1303-4128,,,,,Sundstrup2,56.608186,9.291788
7/8/2018 7:00,VR2W-131090,A69-1303-4128,,,,,Sundstrup1,56.605311,9.292661
7/8/2018 7:02,VR2W-131090,A69-1303-4128,,,,,Sundstrup1,56.605311,9.292661
7/8/2018 7:03,VR2W-131090,A69-1303-4128,,,,,Sundstrup1,56.605311,9.292661
7/8/2018 7:08,VR2W-131092,A69-1303-4128,,,,,Sundstrup2,56.608186,9.291788
7/8/2018 7:10,VR2W-131090,A69-1303-4128,,,,,Sundstrup1,56.605311,9.292661
7/8/2018 7:11,VR2W-131090,A69-1303-4128,,,,,Sundstrup1,56.605311,9.292661
7/8/2018 7:12,VR2W-131090,A69-1303-4128,,,,,Sundstrup1,56.605311,9.292661
7/8/2018 7:13,VR2W-131090,A69-1303-4128,,,,,Sundstrup1,56.605311,9.292661
7/8/2018 7:15,VR2W-131090,A69-1303-4128,,,,,Sundstrup1,56.605311,9.292661
7/8/2018 7:16,VR2W-131090,A69-1303-4128,,,,,Sundstrup1,56.605311,9.292661
7/8/2018 7:17,VR2W-131090,A69-1303-4128,,,,,Sundstrup1,56.605311,9.292661
7/8/2018 7:18,VR2W-131090,A69-1303-4128,,,,,Sundstrup1,56.605311,9.292661
7/8/2018 7:19,VR2W-131090,A69-1303-4128,,,,,Sundstrup1,56.605311,9.292661
7/8/2018 7:20,VR2W-131092,A69-1303-4128,,,,,Sundstrup2,56.608186,9.291788
7/8/2018 7:20,VR2W-131090,A69-1303-4128,,,,,Sundstrup1,56.605311,9.292661
7/8/2018 7:21,VR2W-131090,A69-1303-4128,,,,,Sundstrup1,56.605311,9.292661
7/8/2018 7:21,VR2W-131092,A69-1303-4128,,,,,Sundstrup2,56.608186,9.291788
7/8/2018 7:22,VR2W-131090,A69-1303-4128,,,,,Sundstrup1,56.605311,9.292661
7/8/2018 7:23,VR2W-131090,A69-1303-4128,,,,,Sundstrup1,56.605311,9.292661
7/8/2018 7:24,VR2W-131092,A69-1303-4128,,,,,Sundstrup2,56.608186,9.291788
7/8/2018 7:24,VR2W-131092,A69-1303-4128,,,,,Sundstrup2,56.608186,9.291788
7/8/2018 7:24,VR2W-131090,A69-1303-4128,,,,,Sundstrup1,56.605311,9.292661
7/8/2018 7:25,VR2W-131090,A69-1303-4128,,,,,Sundstrup1,56.605311,9.292661
7/8/2018 7:28,VR2W-131092,A69-1303-4128,,,,,Sundstrup2,56.608186,9.291788
7/8/2018 7:29,VR2W-131090,A69-1303-4128,,,,,Sundstrup1,56.605311,9.292661
7/8/2018 7:29,VR2W-131092,A69-1303-4128,,,,,Sundstrup2,56.608186,9.291788
7/8/2018 7:29,VR2W-131092,A69-1303-4128,,,,,Sundstrup2,56.608186,9.291788
7/8/2018 7:30,VR2W-131090,A69-1303-4128,,,,,Sundstrup1,56.605311,9.292661
7/8/2018 7:30,VR2W-131092,A69-1303-4128,,,,,Sundstrup2,56.608186,9.291788
7/8/2018 7:31,VR2W-131090,A69-1303-4128,,,,,Sundstrup1,56.605311,9.292661
7/8/2018 7:32,VR2W-131090,A69-1303-4128,,,,,Sundstrup1,56.605311,9.292661
7/8/2018 7:34,VR2W-131090,A69-1303-4128,,,,,Sundstrup1,56.605311,9.292661
7/8/2018 7:35,VR2W-131090,A69-1303-4128,,,,,Sundstrup1,56.605311,9.292661
7/8/2018 7:35,VR2W-131090,A69-1303-4128,,,,,Sundstrup1,56.605311,9.292661
7/8/2018 7:36,VR2W-131090,A69-1303-4128,,,,,Sundstrup1,56.605311,9.292661
7/8/2018 7:38,VR2W-131090,A69-1303-4128,,,,,Sundstrup1,56.605311,9.292661
7/8/2018 7:39,VR2W-131090,A69-1303-4128,,,,,Sundstrup1,56.605311,9.292661
7/8/2018 7:39,VR2W-131092,A69-1303-4128,,,,,Sundstrup2,56.608186,9.291788
7/8/2018 7:40,VR2W-131090,A69-1303-4128,,,,,Sundstrup1,56.605311,9.292661
7/8/2018 7:40,VR2W-131092,A69-1303-4128,,,,,Sundstrup2,56.608186,9.291788
7/8/2018 7:41,VR2W-131090,A69-1303-4128,,,,,Sundstrup1,56.605311,9.292661
7/8/2018 7:42,VR2W-131090,A69-1303-4128,,,,,Sundstrup1,56.605311,9.292661
7/8/2018 7:44,VR2W-131090,A69-1303-4128,,,,,Sundstrup1,56.605311,9.292661
7/8/2018 7:45,VR2W-131090,A69-1303-4128,,,,,Sundstrup1,56.605311,9.292661
7/8/2018 7:46,VR2W-131090,A69-1303-4128,,,,,Sundstrup1,56.605311,9.292661
7/8/2018 7:47,VR2W-131090,A69-1303-4128,,,,,Sundstrup1,56.605311,9.292661
7/8/2018 7:49,VR2W-131090,A69-1303-4128,,,,,Sundstrup1,56.605311,9.292661
7/8/2018 7:50,VR2W-131090,A69-1303-4128,,,,,Sundstrup1,56.605311,9.292661
7/8/2018 7:51,VR2W-131090,A69-1303-4128,,,,,Sundstrup1,56.605311,9.292661
7/8/2018 7:56,VR2W-131092,A69-1303-4128,,,,,Sundstrup2,56.608186,9.291788
7/8/2018 7:58,VR2W-131090,A69-1303-4128,,,,,Sundstrup1,56.605311,9.292661
7/8/2018 8:00,VR2W-131092,A69-1303-4128,,,,,Sundstrup2,56.608186,9.291788
7/8/2018 8:00,VR2W-131090,A69-1303-4128,,,,,Sundstrup1,56.605311,9.292661
7/8/2018 8:01,VR2W-131090,A69-1303-4128,,,,,Sundstrup1,56.605311,9.292661
7/8/2018 8:01,VR2W-131090,A69-1303-4128,,,,,Sundstrup1,56.605311,9.292661
7/8/2018 8:06,VR2W-131090,A69-1303-4128,,,,,Sundstrup1,56.605311,9.292661
7/8/2018 8:08,VR2W-131090,A69-1303-4128,,,,,Sundstrup1,56.605311,9.292661
7/8/2018 8:10,VR2W-131090,A69-1303-4128,,,,,Sundstrup1,56.605311,9.292661
7/8/2018 8:11,VR2W-131090,A69-1303-4128,,,,,Sundstrup1,56.605311,9.292661
7/8/2018 8:12,VR2W-131090,A69-1303-4128,,,,,Sundstrup1,56.605311,9.292661
7/8/2018 8:13,VR2W-131090,A69-1303-4128,,,,,Sundstrup1,56.605311,9.292661
7/8/2018 8:14,VR2W-131090,A69-1303-4128,,,,,Sundstrup1,56.605311,9.292661
7/8/2018 8:15,VR2W-131090,A69-1303-4128,,,,,Sundstrup1,56.605311,9.292661
7/8/2018 8:18,VR2W-131090,A69-1303-4128,,,,,Sundstrup1,56.605311,9.292661
7/8/2018 8:18,VR2W-131090,A69-1303-4128,,,,,Sundstrup1,56.605311,9.292661
7/8/2018 8:19,VR2W-131090,A69-1303-4128,,,,,Sundstrup1,56.605311,9.292661
7/8/2018 8:34,VR2W-131092,A69-1303-4128,,,,,Sundstrup2,56.608186,9.291788
7/8/2018 8:39,VR2W-131092,A69-1303-4128,,,,,Sundstrup2,56.608186,9.291788
7/8/2018 8:43,VR2W-131092,A69-1303-4128,,,,,Sundstrup2,56.608186,9.291788
7/8/2018 8:47,VR2W-131092,A69-1303-4128,,,,,Sundstrup2,56.608186,9.291788
7/8/2018 8:50,VR2W-131090,A69-1303-4128,,,,,Sundstrup1,56.605311,9.292661
7/8/2018 8:59,VR2W-131090,A69-1303-4128,,,,,Sundstrup1,56.605311,9.292661
7/8/2018 9:03,VR2W-131092,A69-1303-4128,,,,,Sundstrup2,56.608186,9.291788
7/8/2018 9:08,VR2W-131092,A69-1303-4128,,,,,Sundstrup2,56.608186,9.291788
7/8/2018 20:42,VR2W-125449,A69-1303-4128,,,,,Simested,56.571595,9.380188
7/8/2018 20:43,VR2W-125449,A69-1303-4128,,,,,Simested,56.571595,9.380188
7/8/2018 20:43,VR2W-125449,A69-1303-4128,,,,,Simested,56.571595,9.380188
3/4/2018 18:53,VR2W-125449,A69-1303-4138,,,,,Simested,56.571595,9.380188
3/4/2018 18:54,VR2W-125449,A69-1303-4138,,,,,Simested,56.571595,9.380188
3/7/2018 22:39,VR2W-125449,A69-1303-4138,,,,,Simested,56.571595,9.380188
3/7/2018 23:56,VR2W-125449,A69-1303-4138,,,,,Simested,56.571595,9.380188
3/7/2018 23:57,VR2W-125449,A69-1303-4138,,,,,Simested,56.571595,9.380188
3/12/2018 19:14,VR2W-125449,A69-1303-4138,,,,,Simested,56.571595,9.380188
3/12/2018 19:15,VR2W-125449,A69-1303-4138,,,,,Simested,56.571595,9.380188
3/16/2018 3:47,VR2W-125449,A69-1303-4138,,,,,Simested,56.571595,9.380188
3/16/2018 3:48,VR2W-125449,A69-1303-4138,,,,,Simested,56.571595,9.380188
3/16/2018 3:48,VR2W-125449,A69-1303-4138,,,,,Simested,56.571595,9.380188
3/16/2018 3:50,VR2W-125449,A69-1303-4138,,,,,Simested,56.571595,9.380188
4/4/2018 13:53,VR2W-125449,A69-1303-4138,,,,,Simested,56.571595,9.380188
4/4/2018 13:53,VR2W-125449,A69-1303-4138,,,,,Simested,56.571595,9.380188
4/4/2018 13:54,VR2W-125449,A69-1303-4138,,,,,Simested,56.571595,9.380188
4/4/2018 13:54,VR2W-125449,A69-1303-4138,,,,,Simested,56.571595,9.380188
4/12/2018 15:28,VR2W-131092,A69-1303-4138,,,,,Sundstrup2,56.608186,9.291788
4/18/2018 8:49,VR2W-125886,A69-1303-4138,,,,,Aggersund,57.000027,9.292732
4/18/2018 8:51,VR2W-125886,A69-1303-4138,,,,,Aggersund,57.000027,9.292732
4/18/2018 8:52,VR2W-125886,A69-1303-4138,,,,,Aggersund,57.000027,9.292732
4/18/2018 8:53,VR2W-125886,A69-1303-4138,,,,,Aggersund,57.000027,9.292732
4/18/2018 8:54,VR2W-125886,A69-1303-4138,,,,,Aggersund,57.000027,9.292732
4/18/2018 8:54,VR2W-125886,A69-1303-4138,,,,,Aggersund,57.000027,9.292732
4/18/2018 8:55,VR2W-125886,A69-1303-4138,,,,,Aggersund,57.000027,9.292732
4/19/2018 8:29,VR2W-125447,A69-1303-4138,,,,,15 Aalborg,57.054076,9.91539
4/19/2018 8:30,VR2W-125447,A69-1303-4138,,,,,15 Aalborg,57.054076,9.91539
4/19/2018 8:31,VR2W-125447,A69-1303-4138,,,,,15 Aalborg,57.054076,9.91539
4/19/2018 8:32,VR2W-125447,A69-1303-4138,,,,,15 Aalborg,57.054076,9.91539
4/19/2018 8:33,VR2W-125447,A69-1303-4138,,,,,15 Aalborg,57.054076,9.91539
4/19/2018 8:33,VR2W-108766,A69-1303-4138,,,,,16 Aalborg,57.055955,9.921725
4/19/2018 8:33,VR2W-125447,A69-1303-4138,,,,,15 Aalborg,57.054076,9.91539
4/19/2018 8:34,VR2W-108766,A69-1303-4138,,,,,16 Aalborg,57.055955,9.921725
4/19/2018 8:34,VR2W-125447,A69-1303-4138,,,,,15 Aalborg,57.054076,9.91539
4/19/2018 8:38,VR2W-125447,A69-1303-4138,,,,,15 Aalborg,57.054076,9.91539
4/19/2018 8:39,VR2W-125447,A69-1303-4138,,,,,15 Aalborg,57.054076,9.91539
4/19/2018 8:39,VR2W-108766,A69-1303-4138,,,,,16 Aalborg,57.055955,9.921725
4/19/2018 8:41,VR2W-108766,A69-1303-4138,,,,,16 Aalborg,57.055955,9.921725
4/19/2018 8:42,VR2W-125447,A69-1303-4138,,,,,15 Aalborg,57.054076,9.91539
4/19/2018 8:43,VR2W-125447,A69-1303-4138,,,,,15 Aalborg,57.054076,9.91539
4/19/2018 13:35,VR2W-125447,A69-1303-4138,,,,,15 Aalborg,57.054076,9.91539
4/19/2018 13:36,VR2W-125447,A69-1303-4138,,,,,15 Aalborg,57.054076,9.91539
4/19/2018 13:38,VR2W-125447,A69-1303-4138,,,,,15 Aalborg,57.054076,9.91539
4/19/2018 13:38,VR2W-125447,A69-1303-4138,,,,,15 Aalborg,57.054076,9.91539
4/19/2018 13:39,VR2W-125447,A69-1303-4138,,,,,15 Aalborg,57.054076,9.91539
4/19/2018 13:41,VR2W-125447,A69-1303-4138,,,,,15 Aalborg,57.054076,9.91539
4/19/2018 13:42,VR2W-125447,A69-1303-4138,,,,,15 Aalborg,57.054076,9.91539
4/19/2018 13:42,VR2W-125447,A69-1303-4138,,,,,15 Aalborg,57.054076,9.91539
4/19/2018 13:44,VR2W-108766,A69-1303-4138,,,,,16 Aalborg,57.055955,9.921725
4/19/2018 13:45,VR2W-108766,A69-1303-4138,,,,,16 Aalborg,57.055955,9.921725
4/19/2018 13:46,VR2W-108766,A69-1303-4138,,,,,16 Aalborg,57.055955,9.921725
4/19/2018 13:47,VR2W-108766,A69-1303-4138,,,,,16 Aalborg,57.055955,9.921725
4/19/2018 13:49,VR2W-108766,A69-1303-4138,,,,,16 Aalborg,57.055955,9.921725
4/19/2018 13:50,VR2W-108766,A69-1303-4138,,,,,16 Aalborg,57.055955,9.921725
4/19/2018 13:51,VR2W-125447,A69-1303-4138,,,,,15 Aalborg,57.054076,9.91539
4/19/2018 13:52,VR2W-108766,A69-1303-4138,,,,,16 Aalborg,57.055955,9.921725
4/20/2018 10:09,VR2W-125452,A69-1303-4138,,,,,Hals1,56.989474,10.310159
4/20/2018 10:10,VR2W-125452,A69-1303-4138,,,,,Hals1,56.989474,10.310159
4/20/2018 10:11,VR2W-108768,A69-1303-4138,,,,,Hals2,56.985826,10.31077
4/20/2018 10:12,VR2W-108768,A69-1303-4138,,,,,Hals2,56.985826,10.31077
4/20/2018 10:12,VR2W-125452,A69-1303-4138,,,,,Hals1,56.989474,10.310159
4/20/2018 10:14,VR2W-108768,A69-1303-4138,,,,,Hals2,56.985826,10.31077
4/20/2018 10:14,VR2W-125452,A69-1303-4138,,,,,Hals1,56.989474,10.310159
4/20/2018 10:16,VR2W-108768,A69-1303-4138,,,,,Hals2,56.985826,10.31077
4/20/2018 10:16,VR2W-125452,A69-1303-4138,,,,,Hals1,56.989474,10.310159
4/20/2018 10:17,VR2W-108768,A69-1303-4138,,,,,Hals2,56.985826,10.31077
4/20/2018 10:17,VR2W-125452,A69-1303-4138,,,,,Hals1,56.989474,10.310159
4/20/2018 10:18,VR2W-108768,A69-1303-4138,,,,,Hals2,56.985826,10.31077
4/20/2018 10:18,VR2W-108768,A69-1303-4138,,,,,Hals2,56.985826,10.31077
4/20/2018 10:18,VR2W-125452,A69-1303-4138,,,,,Hals1,56.989474,10.310159
4/20/2018 10:19,VR2W-108768,A69-1303-4138,,,,,Hals2,56.985826,10.31077
4/20/2018 10:20,VR2W-125452,A69-1303-4138,,,,,Hals1,56.989474,10.310159
4/20/2018 10:20,VR2W-108768,A69-1303-4138,,,,,Hals2,56.985826,10.31077
4/20/2018 10:20,VR2W-125452,A69-1303-4138,,,,,Hals1,56.989474,10.310159
4/20/2018 10:21,VR2W-125452,A69-1303-4138,,,,,Hals1,56.989474,10.310159
4/20/2018 10:21,VR2W-108768,A69-1303-4138,,,,,Hals2,56.985826,10.31077
4/20/2018 10:22,VR2W-125452,A69-1303-4138,,,,,Hals1,56.989474,10.310159
4/20/2018 10:22,VR2W-108768,A69-1303-4138,,,,,Hals2,56.985826,10.31077
4/20/2018 10:23,VR2W-125452,A69-1303-4138,,,,,Hals1,56.989474,10.310159
4/20/2018 10:23,VR2W-108768,A69-1303-4138,,,,,Hals2,56.985826,10.31077
4/20/2018 10:24,VR2W-125452,A69-1303-4138,,,,,Hals1,56.989474,10.310159
4/20/2018 10:24,VR2W-108768,A69-1303-4138,,,,,Hals2,56.985826,10.31077
4/20/2018 10:25,VR2W-125452,A69-1303-4138,,,,,Hals1,56.989474,10.310159
4/20/2018 10:25,VR2W-108768,A69-1303-4138,,,,,Hals2,56.985826,10.31077
4/20/2018 10:26,VR2W-108768,A69-1303-4138,,,,,Hals2,56.985826,10.31077
4/20/2018 10:26,VR2W-125452,A69-1303-4138,,,,,Hals1,56.989474,10.310159
4/20/2018 10:27,VR2W-108768,A69-1303-4138,,,,,Hals2,56.985826,10.31077
4/20/2018 10:28,VR2W-108768,A69-1303-4138,,,,,Hals2,56.985826,10.31077
4/20/2018 10:28,VR2W-125452,A69-1303-4138,,,,,Hals1,56.989474,10.310159
4/20/2018 10:29,VR2W-108768,A69-1303-4138,,,,,Hals2,56.985826,10.31077
4/20/2018 10:30,VR2W-108768,A69-1303-4138,,,,,Hals2,56.985826,10.31077
4/20/2018 10:31,VR2W-108768,A69-1303-4138,,,,,Hals2,56.985826,10.31077
4/20/2018 10:32,VR2W-108768,A69-1303-4138,,,,,Hals2,56.985826,10.31077
4/20/2018 10:33,VR2W-125452,A69-1303-4138,,,,,Hals1,56.989474,10.310159
4/20/2018 10:33,VR2W-108768,A69-1303-4138,,,,,Hals2,56.985826,10.31077
4/20/2018 10:35,VR2W-108768,A69-1303-4138,,,,,Hals2,56.985826,10.31077
4/20/2018 10:36,VR2W-108768,A69-1303-4138,,,,,Hals2,56.985826,10.31077
4/20/2018 10:38,VR2W-125452,A69-1303-4138,,,,,Hals1,56.989474,10.310159
7/14/2018 20:10,VR2W-125452,A69-1303-4138,,,,,Hals1,56.989474,10.310159
7/14/2018 20:36,VR2W-125452,A69-1303-4138,,,,,Hals1,56.989474,10.310159
7/15/2018 14:47,VR2W-108766,A69-1303-4138,,,,,16 Aalborg,57.055955,9.921725
7/15/2018 14:49,VR2W-108766,A69-1303-4138,,,,,16 Aalborg,57.055955,9.921725
7/15/2018 14:50,VR2W-108766,A69-1303-4138,,,,,16 Aalborg,57.055955,9.921725
7/15/2018 14:51,VR2W-125447,A69-1303-4138,,,,,15 Aalborg,57.054076,9.91539
7/15/2018 14:53,VR2W-108766,A69-1303-4138,,,,,16 Aalborg,57.055955,9.921725
7/16/2018 9:36,VR2W-125886,A69-1303-4138,,,,,Aggersund,57.000027,9.292732
7/16/2018 9:37,VR2W-125886,A69-1303-4138,,,,,Aggersund,57.000027,9.292732
7/16/2018 10:09,VR2W-125886,A69-1303-4138,,,,,Aggersund,57.000027,9.292732
7/16/2018 10:44,VR2W-125886,A69-1303-4138,,,,,Aggersund,57.000027,9.292732
7/16/2018 10:51,VR2W-125886,A69-1303-4138,,,,,Aggersund,57.000027,9.292732
7/16/2018 10:52,VR2W-125886,A69-1303-4138,,,,,Aggersund,57.000027,9.292732
7/16/2018 11:11,VR2W-125886,A69-1303-4138,,,,,Aggersund,57.000027,9.292732
7/16/2018 11:12,VR2W-125886,A69-1303-4138,,,,,Aggersund,57.000027,9.292732
7/17/2018 11:00,VR2W-131092,A69-1303-4138,,,,,Sundstrup2,56.608186,9.291788
7/17/2018 11:05,VR2W-131090,A69-1303-4138,,,,,Sundstrup1,56.605311,9.292661
7/17/2018 11:23,VR2W-131092,A69-1303-4138,,,,,Sundstrup2,56.608186,9.291788
7/17/2018 11:28,VR2W-131090,A69-1303-4138,,,,,Sundstrup1,56.605311,9.292661
7/17/2018 11:56,VR2W-131092,A69-1303-4138,,,,,Sundstrup2,56.608186,9.291788
7/17/2018 11:59,VR2W-131092,A69-1303-4138,,,,,Sundstrup2,56.608186,9.291788
7/17/2018 12:01,VR2W-131090,A69-1303-4138,,,,,Sundstrup1,56.605311,9.292661
7/17/2018 12:09,VR2W-131092,A69-1303-4138,,,,,Sundstrup2,56.608186,9.291788
7/17/2018 12:10,VR2W-131092,A69-1303-4138,,,,,Sundstrup2,56.608186,9.291788
7/17/2018 12:12,VR2W-131090,A69-1303-4138,,,,,Sundstrup1,56.605311,9.292661
7/17/2018 12:22,VR2W-131092,A69-1303-4138,,,,,Sundstrup2,56.608186,9.291788
7/17/2018 12:24,VR2W-131092,A69-1303-4138,,,,,Sundstrup2,56.608186,9.291788
7/17/2018 12:27,VR2W-131090,A69-1303-4138,,,,,Sundstrup1,56.605311,9.292661
7/17/2018 12:28,VR2W-131090,A69-1303-4138,,,,,Sundstrup1,56.605311,9.292661
7/17/2018 12:47,VR2W-131092,A69-1303-4138,,,,,Sundstrup2,56.608186,9.291788
7/17/2018 12:55,VR2W-131092,A69-1303-4138,,,,,Sundstrup2,56.608186,9.291788
7/17/2018 13:27,VR2W-131090,A69-1303-4138,,,,,Sundstrup1,56.605311,9.292661
7/17/2018 13:28,VR2W-131090,A69-1303-4138,,,,,Sundstrup1,56.605311,9.292661
7/17/2018 13:38,VR2W-131090,A69-1303-4138,,,,,Sundstrup1,56.605311,9.292661
7/17/2018 14:21,VR2W-131090,A69-1303-4138,,,,,Sundstrup1,56.605311,9.292661
7/17/2018 15:30,VR2W-131092,A69-1303-4138,,,,,Sundstrup2,56.608186,9.291788
7/17/2018 15:33,VR2W-131092,A69-1303-4138,,,,,Sundstrup2,56.608186,9.291788
7/17/2018 17:50,VR2W-131090,A69-1303-4138,,,,,Sundstrup1,56.605311,9.292661
7/18/2018 16:22,VR2W-125449,A69-1303-4138,,,,,Simested,56.571595,9.380188
7/18/2018 16:23,VR2W-125449,A69-1303-4138,,,,,Simested,56.571595,9.380188
7/18/2018 16:25,VR2W-125449,A69-1303-4138,,,,,Simested,56.571595,9.380188
7/18/2018 16:25,VR2W-125449,A69-1303-4138,,,,,Simested,56.571595,9.380188
7/18/2018 16:26,VR2W-125449,A69-1303-4138,,,,,Simested,56.571595,9.380188
7/18/2018 16:32,VR2W-125449,A69-1303-4138,,,,,Simested,56.571595,9.380188
7/18/2018 16:33,VR2W-125449,A69-1303-4138,,,,,Simested,56.571595,9.380188
